soc_code,occupation_title,aioe_score,composite_exposure_score,impact_pattern,job_zone,skill__active_learning,skill__active_listening,skill__critical_thinking,skill__learning_strategies,skill__mathematics,skill__monitoring,skill__reading_comprehension,skill__science,skill__speaking,skill__writing
11-1011,Chief Executives,1.334246,1.3342460079686536,,5.0,3.75,4.0,4.25,3.25,3.065,3.875,4.0600000000000005,1.87,4.125,4.12
11-1021,General and Operations Managers,0.5748773,0.5748773073305894,,4.0,3.62,4.0,3.88,3.0,2.62,4.0,4.0,1.5,4.0,3.5
11-1031,Legislators,,,,4.0,,,,,,,,,,
11-2011,Advertising and Promotions Managers,1.294387,1.2943870079351618,,4.0,3.38,4.12,3.88,3.0,2.88,3.5,3.75,1.5,4.12,3.75
11-2021,Marketing Managers,1.315032,1.3150320079525089,,4.0,3.88,4.12,3.88,3.25,3.0,3.88,3.88,1.75,4.0,3.25
11-2022,Sales Managers,1.26628,1.2662800079115448,,4.0,3.75,4.0,3.88,3.12,3.0,3.88,3.88,1.62,4.0,3.62
11-2031,Public Relations Managers,1.293689,1.2936890079345753,,,,,,,,,,,,
11-2032,Public Relations Managers,,,,4.0,3.62,4.12,3.88,3.0,2.38,3.5,4.12,1.12,4.25,4.0
11-2033,Fundraising Managers,,,,4.0,3.38,4.0,4.12,2.62,3.0,3.12,3.88,1.25,4.12,3.88
11-3011,Administrative Services Managers,0.7398278,0.7398278074691901,,,,,,,,,,,,
11-3012,Administrative Services Managers,,,,3.0,3.12,4.0,3.75,3.0,2.25,3.38,4.0,1.0,3.88,3.75
11-3013,Facilities Managers,,,,3.5,3.37,3.935,4.0,3.19,2.625,3.875,3.935,1.44,3.94,3.5
11-3021,Computer and Information Systems Managers,1.059853,1.059853007738093,,4.0,3.38,4.0,4.12,3.25,3.12,3.88,4.0,1.75,3.88,3.75
11-3031,Financial Managers,1.446232,1.4462320080627504,,4.333333333333333,3.7099999999999995,4.0,4.0,2.9599999999999995,3.6266666666666665,3.7099999999999995,4.0,1.0833333333333333,3.9599999999999995,3.6633333333333336
11-3051,Industrial Production Managers,0.5086878,0.5086878072749732,,3.6666666666666665,3.455,3.855,3.8966666666666665,3.3533333333333335,3.1666666666666665,3.8783333333333334,3.9,2.5,3.9166666666666665,3.5
11-3061,Purchasing Managers,1.423426,1.4234260080435877,,4.0,3.25,4.0,3.75,3.0,3.12,3.88,3.88,1.0,4.0,3.88
11-3071,"Transportation, Storage, and Distribution Managers",0.8907923,0.8907923075960389,,4.0,3.685,3.94,3.75,3.19,2.875,3.875,3.94,1.06,3.81,3.75
11-3111,Compensation and Benefits Managers,1.298235,1.298235007938395,,4.0,3.75,4.0,3.88,3.0,3.0,3.38,4.0,1.0,4.0,4.0
11-3121,Human Resources Managers,1.320417,1.3204170079570337,,4.0,4.0,4.38,4.0,3.75,3.0,4.0,4.25,1.5,4.25,4.12
11-3131,Training and Development Managers,1.284423,1.2844230079267895,,4.0,3.75,4.0,3.75,4.25,2.88,3.88,4.0,1.5,4.0,3.88
11-9013,"Farmers, Ranchers, and Other Agricultural Managers",-0.1443684,-0.1443683932737612,,4.0,3.38,3.88,3.88,2.88,2.88,3.38,3.75,2.62,3.62,3.25
11-9021,Construction Managers,1.029139,1.0291390077122855,,4.0,3.88,4.0,4.0,3.12,3.5,3.88,3.88,2.12,3.88,3.75
11-9031,"Education Administrators, Preschool and Child Care Center/Program",0.838007,0.8380070075516857,,4.0,3.88,4.0,4.0,3.88,2.75,3.88,4.0,1.88,4.0,3.88
11-9032,"Education Administrators, Elementary and Secondary School",1.048811,1.0488110077288149,,5.0,4.0,4.88,4.62,4.88,3.0,4.0,4.75,2.0,4.75,4.62
11-9033,"Education Administrators, Postsecondary",1.461149,1.4611490080752845,,5.0,3.88,4.0,4.12,3.75,2.88,4.0,4.12,1.5,4.0,4.0
11-9039,"Education Administrators, All Other",0.3541265,0.3541265071451022,,,,,,,,,,,,
11-9041,Engineering Managers,0.8370105,0.8370105075508484,,4.5,3.565,3.75,3.75,3.065,3.5,3.5,3.87,2.87,3.81,3.81
11-9051,Food Service Managers,-0.1213112,-0.12131119325438725,,2.0,3.12,3.88,3.62,3.12,2.88,3.88,3.75,1.62,3.88,3.0
11-9061,Funeral Directors,0.3719018,0.37190180716003796,,,,,,,,,,,,
11-9071,Gaming Managers,0.8299207,0.8299207075448911,,2.0,3.5,3.75,4.0,3.25,3.12,3.88,3.5,1.62,3.88,3.62
11-9072,"Entertainment and Recreation Managers, Except Gambling",,,,4.0,3.25,3.88,3.75,3.12,2.5,3.75,3.88,1.0,3.88,3.5
11-9081,Lodging Managers,0.4021726,0.40217260718547315,,4.0,3.75,4.12,3.75,3.38,2.62,3.75,3.88,1.0,4.0,3.88
11-9111,Medical and Health Services Managers,1.260259,1.2602590079064855,,4.0,3.88,4.0,4.12,3.25,2.75,4.0,4.0,2.5,4.12,4.0
11-9121,Natural Sciences Managers,1.327906,1.3279060079633263,,4.333333333333333,3.3766666666666665,4.0,3.9166666666666665,3.2466666666666666,3.0833333333333335,3.6233333333333335,4.0,3.3733333333333335,3.92,3.9599999999999995
11-9131,Postmasters and Mail Superintendents,0.8233757,0.8233757075393917,,2.0,3.25,4.0,3.75,3.38,2.75,3.75,4.0,1.5,4.0,3.25
11-9141,"Property, Real Estate, and Community Association Managers",1.215396,1.215396007868789,,4.0,3.12,3.88,3.88,2.75,3.0,3.38,4.0,1.12,4.0,3.75
11-9151,Social and Community Service Managers,1.156153,1.1561530078190099,,4.0,3.88,3.88,3.88,3.62,2.62,3.88,3.75,2.25,3.75,3.75
11-9161,Emergency Management Directors,1.030768,1.0307680077136543,,4.0,3.75,4.0,4.0,3.88,3.0,4.0,4.0,1.88,4.12,4.0
11-9171,Funeral Home Managers,,,,3.0,2.88,3.88,3.5,2.88,2.62,3.38,3.62,1.5,3.5,3.12
11-9179,"Personal Service Managers, All Other",,,,3.5,3.5,3.815,3.75,3.38,2.56,3.69,3.5,1.375,3.94,3.25
11-9199,"Managers, All Other",0.9646872,0.9646872076581294,,3.8333333333333335,3.438333333333333,3.918333333333333,3.94,3.0416666666666665,2.811666666666667,3.7716666666666665,3.98,1.9183333333333332,3.94,3.8983333333333334
13-1011,"Agents and Business Managers of Artists, Performers, and Athletes",1.068559,1.0685590077454084,,4.0,3.5,4.0,3.75,2.62,2.12,2.88,4.0,1.62,4.0,3.62
13-1021,"Purchasing Agents and Buyers, Farm Products",0.7687054,0.7687054074934546,,4.0,3.0,3.88,3.88,2.5,2.88,3.12,3.5,1.5,3.75,3.25
13-1022,"Wholesale and Retail Buyers, Except Farm Products",0.8188258,0.8188258075355687,,3.0,3.38,3.88,4.0,2.88,3.12,3.38,3.62,1.25,3.88,3.12
13-1023,"Purchasing Agents, Except Wholesale, Retail, and Farm Products",1.509181,1.5091810081156438,,4.0,3.88,4.0,3.88,3.0,3.0,3.75,4.12,1.12,4.0,4.0
13-1031,"Claims Adjusters, Examiners, and Investigators",1.274024,1.2740240079180516,,4.0,3.25,4.0,4.0,2.5,2.88,3.38,4.12,1.38,3.88,3.62
13-1032,"Insurance Appraisers, Auto Damage",0.6634955,0.6634955074050514,,3.0,2.88,3.5,3.38,2.12,2.62,2.5,3.5,1.12,3.75,3.75
13-1041,"Compliance Officers, Except Agriculture, Construction, Health and Safety, and Transportation",0.6981205,0.6981205074341452,,3.5714285714285716,3.4828571428571427,3.9828571428571427,3.91,3.0,2.697142857142857,3.358571428571428,4.017142857142857,1.8928571428571428,3.9657142857142853,3.84
13-1051,Cost Estimators,1.367669,1.3676690079967375,,4.0,3.25,3.75,3.75,2.88,4.0,3.0,4.0,1.38,3.88,3.5
13-1071,"Employment, Recruitment, and Placement Specialists",1.36005,1.3600500079903355,,4.0,3.25,4.0,3.88,3.0,2.0,3.0,4.0,1.12,4.12,3.88
13-1074,Farm Labor Contractors,-0.4354025,-0.4354024935183044,,2.0,2.5,3.12,3.0,2.38,2.0,3.0,2.75,1.12,3.38,2.75
13-1075,Labor Relations Specialists,1.334834,1.3348340079691476,,4.0,3.5,4.38,4.0,3.0,2.38,3.38,4.0,1.0,4.25,4.0
13-1081,Logisticians,1.297303,1.297303007937612,,4.0,3.5400000000000005,3.92,3.9599999999999995,2.956666666666667,3.3333333333333335,3.67,3.9599999999999995,2.04,3.8366666666666664,3.6266666666666665
13-1082,Project Management Specialists,,,,4.0,3.5,3.75,3.75,3.0,2.75,3.62,3.5,1.38,3.5,3.62
13-1111,Management Analysts,1.432417,1.4324170080511422,,4.0,3.25,4.12,4.12,3.0,3.0,3.88,4.12,1.88,4.0,4.0
13-1121,Meeting and Convention Planners,0.3740207,0.37402070716181834,,4.0,3.38,4.0,3.88,2.38,2.5,3.5,4.0,1.25,4.0,3.5
13-1131,Fundraisers,1.242567,1.2425670078916196,,4.0,3.25,4.0,3.88,2.88,3.0,3.12,4.0,1.38,4.12,4.0
13-1141,"Compensation, Benefits, and Job Analysis Specialists",1.440985,1.4409850080583415,,4.0,3.38,3.88,3.75,2.88,3.12,3.12,3.88,1.88,3.88,3.38
13-1151,Training and Development Specialists,1.198409,1.1984090078545158,,4.0,3.88,4.0,3.88,4.12,2.38,3.88,3.88,1.62,4.38,3.88
13-1161,Market Research Analysts and Marketing Specialists,1.426757,1.4267570080463865,,4.0,3.75,3.875,3.875,2.88,2.935,3.25,3.94,1.625,3.75,3.75
13-1199,"Business Operations Specialists, All Other",1.047687,1.0476870077278706,,4.0,3.3449999999999998,3.9050000000000002,3.875,2.9375,2.815,3.465,3.875,1.5,3.875,3.75
13-2011,Accountants and Auditors,1.481956,1.4819560080927678,,4.0,3.25,3.5,3.5,2.75,3.38,3.25,3.88,1.25,3.38,3.5
13-2021,Appraisers and Assessors of Real Estate,0.8413203,0.8413203075544697,,,,,,,,,,,,
13-2022,Appraisers of Personal and Business Property,,,,4.0,3.12,3.38,3.62,2.5,2.88,2.88,3.88,1.38,3.38,3.5
13-2023,Appraisers and Assessors of Real Estate,,,,4.0,2.75,3.5,3.5,2.38,2.62,2.88,3.62,1.12,3.38,3.38
13-2031,Budget Analysts,1.502988,1.50298800811044,,4.0,3.25,3.75,3.88,2.5,3.88,3.12,3.75,1.25,3.75,3.12
13-2041,Credit Analysts,1.345268,1.3452680079779147,,4.0,3.62,3.5,3.88,2.38,3.38,3.0,3.62,1.38,3.62,3.12
13-2051,Financial Analysts,1.380615,1.3806150080076154,,4.0,,,,,,,,,,
13-2052,Personal Financial Advisors,1.400749,1.400749008024533,,4.0,3.25,4.12,3.75,3.0,3.62,3.12,4.12,1.38,4.0,3.88
13-2053,Insurance Underwriters,1.326652,1.3266520079622726,,4.0,3.12,3.75,3.75,2.75,2.88,3.0,3.75,1.38,3.62,3.75
13-2054,Financial Risk Specialists,,,,4.0,,,,,,,,,,
13-2061,Financial Examiners,1.526064,1.5260640081298298,,4.0,3.62,4.0,4.12,3.38,3.62,3.88,4.12,1.25,4.0,4.0
13-2071,Loan Counselors,1.385381,1.38538100801162,,4.0,3.75,3.88,3.88,3.12,3.12,3.0,3.88,1.0,3.88,3.75
13-2072,Loan Officers,1.385739,1.385739008011921,,4.0,3.12,4.0,3.75,2.75,3.25,2.88,3.88,1.0,4.0,3.38
13-2081,"Tax Examiners, Collectors, and Revenue Agents",1.36682,1.366820007996024,,3.0,3.25,4.0,3.88,2.88,3.25,3.25,4.0,1.0,4.0,3.25
13-2082,Tax Preparers,1.29371,1.293710007934593,,3.0,3.12,3.88,3.5,2.75,3.0,3.0,4.0,1.0,3.12,3.0
13-2099,"Financial Specialists, All Other",1.361362,1.361362007991438,,4.5,3.815,4.0,4.0600000000000005,3.0,3.75,3.06,4.0600000000000005,1.44,3.935,3.875
15-1111,Computer and Information Research Scientists,1.154269,1.1542690078174267,,,,,,,,,,,,
15-1121,Computer Systems Analysts,1.19815,1.1981500078542981,,,,,,,,,,,,
15-1122,Information Security Analysts,1.250146,1.250146007897988,,,,,,,,,,,,
15-1131,Computer Programmers,1.271506,1.271506007915936,,,,,,,,,,,,
15-1132,"Software Developers, Applications",1.200923,1.200923007856628,,,,,,,,,,,,
15-1133,"Software Developers, Systems Software",1.283308,1.2833080079258525,,,,,,,,,,,,
15-1134,Web Developers,1.089463,1.0894630077629732,,,,,,,,,,,,
15-1141,Database Administrators,1.284863,1.2848630079271592,,,,,,,,,,,,
15-1142,Network and Computer Systems Administrators,0.7895315,0.7895315075109539,,,,,,,,,,,,
15-1143,Computer Network Architects,0.5803306,0.5803306073351715,,,,,,,,,,,,
15-1151,Computer User Support Specialists,0.299343,0.29934300709907,,,,,,,,,,,,
15-1152,Computer Network Support Specialists,0.7860606,0.7860606075080374,,,,,,,,,,,,
15-1199,"Computer Occupations, All Other",1.232705,1.232705007883333,,,,,,,,,,,,
15-1211,Computer Systems Analysts,,,,4.5,3.685,3.875,3.875,3.435,3.0,3.5,4.13,2.185,4.0,3.69
15-1212,Information Security Analysts,,,,4.0,3.25,3.75,3.88,2.88,2.25,3.38,4.0,1.88,3.62,3.5
15-1221,Computer and Information Research Scientists,,,,5.0,3.5,3.75,4.0,3.0,3.38,3.12,3.75,3.12,3.5,3.38
15-1231,Computer Network Support Specialists,,,,4.0,3.25,3.5,3.75,2.62,2.12,3.25,3.38,1.88,3.25,3.0
15-1232,Computer User Support Specialists,,,,3.0,3.12,4.0,3.75,3.12,2.25,3.12,4.0,1.75,4.0,3.5
15-1241,Computer Network Architects,,,,3.5,3.25,3.685,4.0,3.0,2.94,3.185,3.94,1.87,3.375,3.5
15-1242,Database Administrators,,,,4.0,3.5,3.75,3.88,3.0,3.0,3.25,3.75,2.0,3.38,3.25
15-1243,Database Architects,,,,4.0,3.125,3.5,3.88,2.75,3.0,3.0,3.88,1.88,3.44,3.185
15-1244,Network and Computer Systems Administrators,,,,3.0,3.12,4.0,3.88,3.0,2.75,3.88,3.88,2.12,3.25,3.0
15-1251,Computer Programmers,,,,4.0,3.12,3.75,3.75,2.38,3.12,3.0,3.38,2.75,3.12,3.25
15-1252,Software Developers,,,,4.0,3.5,3.38,3.88,2.62,2.75,3.0,3.5,2.12,3.12,3.25
15-1253,Software Quality Assurance Analysts and Testers,,,,4.0,3.12,3.88,3.88,2.88,2.75,3.62,4.0,2.75,3.88,3.75
15-1254,Web Developers,,,,3.0,3.5,3.5,3.75,2.88,2.75,3.0,3.62,2.0,3.25,3.12
15-1255,Web and Digital Interface Designers,,,,4.0,3.44,3.63,3.625,2.75,2.63,3.12,3.75,1.63,3.12,3.185
15-1299,"Computer Occupations, All Other",,,,3.888888888888889,3.3600000000000003,3.7788888888888885,3.8744444444444444,2.8755555555555556,2.5966666666666667,3.4433333333333334,3.9455555555555555,2.0133333333333336,3.46,3.6255555555555556
15-2011,Actuaries,1.516474,1.5164740081217718,,4.0,3.38,4.0,4.0,2.75,4.38,3.0,4.12,1.88,3.88,3.88
15-2021,Mathematicians,1.472319,1.4723190080846702,,5.0,4.0,3.38,4.12,3.25,5.0,3.0,4.0,3.62,3.25,3.62
15-2031,Operations Research Analysts,1.40002,1.4000200080239207,,5.0,3.88,4.0,4.0,3.0,4.5,2.88,4.0,3.25,4.0,4.0
15-2041,Statisticians,1.382724,1.3827240080093874,,5.0,3.875,3.88,4.0,3.25,4.75,3.0,4.0,3.75,3.94,3.815
15-2051,Data Scientists,,,,4.0,3.706666666666667,3.7533333333333334,4.043333333333333,2.8766666666666665,3.793333333333333,3.33,3.92,2.1666666666666665,3.793333333333333,3.6666666666666665
15-2091,Mathematical Technicians,0.7559803,0.7559803074827623,,,,,,,,,,,,
15-2099,"Mathematical Science Occupations, All Other",,,,4.0,3.5,3.5,3.5,2.75,3.38,3.25,3.75,3.12,3.38,3.5
17-1011,"Architects, Except Landscape and Naval",1.047142,1.0471420077274127,,5.0,3.75,3.88,4.25,3.12,3.5,3.88,4.0,2.88,4.0,3.88
17-1012,Landscape Architects,1.034388,1.034388007716696,,4.0,3.5,4.12,3.88,2.88,3.12,3.12,4.12,2.75,4.12,3.62
17-1021,Cartographers and Photogrammetrists,0.8169979,0.8169979075340327,,4.0,3.25,3.38,3.5,2.88,2.88,3.12,4.0,1.88,3.12,3.5
17-1022,Surveyors,0.1460606,0.14606060697027357,,4.0,3.315,3.69,3.815,3.06,4.0600000000000005,3.19,3.94,2.87,3.5,3.685
17-2011,Aerospace Engineers,1.338738,1.338738007972428,,4.0,3.88,3.88,4.12,3.12,4.0,3.75,4.12,4.0,3.88,4.0
17-2021,Agricultural Engineers,0.9409636,0.9409636076381956,,4.0,3.25,4.0,3.88,2.88,3.75,3.25,4.0,3.38,4.0,4.0
17-2031,Biomedical Engineers,0.9874239,0.9874239076772342,,4.0,3.75,4.0,3.88,3.25,3.88,3.75,4.0,3.88,4.0,4.0
17-2041,Chemical Engineers,1.341336,1.341336007974611,,4.0,3.88,3.25,4.12,2.88,3.75,3.12,4.0,4.12,3.5,3.12
17-2051,Civil Engineers,1.282867,1.282867007925482,,4.0,3.25,3.8766666666666665,3.9599999999999995,3.0400000000000005,3.8800000000000003,3.3733333333333335,3.9599999999999995,3.4166666666666665,3.8766666666666665,3.75
17-2061,Computer Hardware Engineers,1.141812,1.1418120078069598,,4.0,3.75,3.88,4.0,2.88,3.25,3.12,4.0,2.88,3.88,3.88
17-2071,Electrical Engineers,1.126725,1.1267250077942828,,4.0,3.88,3.88,4.0,3.0,3.38,3.5,4.0,3.0,3.88,4.12
17-2072,"Electronics Engineers, Except Computer",0.6654578,0.6654578074067001,,4.0,3.12,3.75,3.94,2.81,3.06,3.25,3.81,2.5,3.815,3.375
17-2081,Environmental Engineers,1.343561,1.3435610079764806,,4.0,3.75,4.0,4.0,3.0,3.38,4.0,4.0,3.38,4.0,4.0
17-2111,"Health and Safety Engineers, Except Mining Safety Engineers and Inspectors",0.9948935,0.9948935076835105,,4.0,3.565,3.815,4.0,3.185,3.0,3.25,4.0,3.06,3.81,3.815
17-2112,Industrial Engineers,1.13787,1.1378700078036474,,4.25,3.4675000000000002,3.94,3.9375,3.0625,3.4675000000000002,3.66,4.03,3.06,3.94,3.875
17-2121,Marine Engineers and Naval Architects,0.5472173,0.5472173073073479,,4.0,3.5,3.75,4.12,2.88,3.62,3.38,3.88,3.5,3.75,3.75
17-2131,Materials Engineers,1.037278,1.0372780077191244,,4.0,3.75,4.0,4.0,3.0,4.0,3.25,4.0,4.0,4.0,4.0
17-2141,Mechanical Engineers,1.004709,1.0047090076917582,,4.0,3.5,3.75,4.0,2.9599999999999995,3.7099999999999995,3.33,3.9599999999999995,3.5833333333333335,3.67,3.67
17-2151,"Mining and Geological Engineers, Including Mining Safety Engineers",1.34695,1.3469500079793282,,4.0,3.5,3.88,4.0,3.12,3.75,3.75,4.0,3.5,4.0,4.0
17-2161,Nuclear Engineers,1.303009,1.3030090079424066,,4.0,3.88,4.0,4.12,3.0,4.0,4.0,4.0,4.12,3.75,4.0
17-2171,Petroleum Engineers,1.247779,1.2477790078959992,,4.0,3.75,3.88,4.0,3.0,3.25,3.75,4.0,3.38,3.88,3.88
17-2199,"Engineers, All Other",0.787566,0.7875660075093023,,4.25,3.515,3.7824999999999998,3.96875,3.0324999999999998,3.59625,3.45375,3.9225,3.4675000000000002,3.64125,3.78375
17-3011,Architectural and Civil Drafters,0.9233925,0.9233925076234313,,3.0,3.12,3.5,3.62,2.62,3.12,3.25,3.75,2.12,3.25,3.25
17-3012,Electrical and Electronics Drafters,0.910166,0.9101660076123178,,3.0,3.25,3.62,3.5,2.62,2.75,3.0,3.38,1.88,3.25,3.5
17-3013,Mechanical Drafters,0.8410071,0.8410071075542066,,3.0,3.25,3.25,3.38,2.75,3.25,3.0,3.25,1.88,3.12,3.0
17-3019,"Drafters, All Other",,,,,,,,,,,,,,
17-3021,Aerospace Engineering and Operations Technicians,0.3909402,0.3909402071760351,,3.0,3.0,3.62,3.88,2.88,3.0,3.12,3.75,3.12,3.62,3.12
17-3022,Civil Engineering Technicians,0.9323219,0.9323219076309344,,3.0,2.88,3.75,3.88,2.25,3.62,3.25,3.75,2.75,3.38,3.25
17-3023,Electrical and Electronic Engineering Technicians,0.3515252,0.35152520714291635,,3.0,3.12,3.38,3.75,2.62,2.88,3.25,3.88,2.12,3.38,3.25
17-3024,Electro-Mechanical Technicians,-0.3040507,-0.3040506934079353,,3.0,3.12,3.435,3.75,2.94,2.94,3.435,3.565,2.75,3.185,3.185
17-3025,Environmental Engineering Technicians,0.0438054,0.04380540688435298,,4.0,3.75,3.88,3.88,3.0,3.0,3.38,3.88,3.38,3.38,3.12
17-3026,Industrial Engineering Technicians,0.6106679,0.6106679073606627,,3.5,3.25,3.75,3.94,2.875,3.25,3.25,4.0,3.31,3.25,3.435
17-3027,Mechanical Engineering Technicians,-0.1192367,-0.11923669325264415,,3.0,3.06,3.5,3.625,2.565,3.185,3.12,3.685,2.81,3.56,3.375
17-3028,Calibration Technologists and Technicians,,,,3.0,,,,,,,,,,
17-3029,"Engineering Technicians, Except Drafters, All Other",0.1941278,0.1941278070106623,,2.5,3.25,3.5,3.44,2.935,2.935,3.315,3.69,2.75,3.12,3.185
17-3031,Surveying and Mapping Technicians,0.0852324,0.08523240691916226,,3.0,2.88,3.12,3.5,2.75,3.25,3.12,3.62,2.38,3.0,2.88
19-1011,Animal Scientists,1.041358,1.0413580077225526,,5.0,3.88,3.88,4.0,3.25,3.38,3.75,4.12,4.0,3.88,4.0
19-1012,Food Scientists and Technologists,0.7943575,0.794357507515009,,4.0,4.0,3.88,4.0,3.0,3.12,3.62,4.0,3.88,3.88,3.88
19-1013,Soil and Plant Scientists,0.6320696,0.6320696073786456,,5.0,4.0,3.88,4.0,3.25,3.25,3.25,4.0,4.0,4.0,3.88
19-1020,Biologists,0.752081,0.7520810074794858,,,,,,,,,,,,
19-1021,Biochemists and Biophysicists,0.9060509,0.90605090760886,,5.0,4.12,4.12,4.25,4.0,3.88,3.88,4.38,4.75,4.12,4.25
19-1022,Microbiologists,0.6955647,0.6955647074319977,,4.0,3.88,3.88,4.0,3.62,3.12,3.62,4.12,4.62,3.88,4.0
19-1023,Zoologists and Wildlife Biologists,0.3175953,0.3175953071144066,,4.0,3.88,4.0,3.88,3.12,3.12,3.25,4.0,4.0,4.0,4.0
19-1029,"Biological Scientists, All Other",1.010193,1.0101930076963659,,5.0,3.91,4.0,4.03,3.4699999999999998,3.8475,3.4699999999999998,4.2825,4.3725000000000005,4.0,4.0925
19-1031,Conservation Scientists,0.0690313,0.06903130690554919,,4.0,3.206666666666667,3.92,3.7099999999999995,2.92,2.706666666666667,3.4599999999999995,3.8766666666666665,2.9133333333333336,3.8733333333333335,3.5866666666666664
19-1032,Foresters,-0.184381,-0.18438099330738203,,4.0,3.25,3.88,4.0,3.0,3.0,4.0,4.0,3.0,4.0,3.75
19-1041,Epidemiologists,1.436287,1.4362870080543941,,5.0,4.0,4.12,4.25,3.5,3.75,3.62,4.25,4.12,4.12,4.12
19-1042,"Medical Scientists, Except Epidemiologists",1.279928,1.2799280079230124,,5.0,4.12,4.0,4.0,3.38,3.62,3.62,4.0,4.12,4.12,4.25
19-1099,"Life Scientists, All Other",,,,,,,,,,,,,,
19-2011,Astronomers,1.373737,1.373737008001836,,5.0,4.0,4.0,4.12,3.75,4.12,3.38,4.25,4.25,4.0,4.12
19-2012,Physicists,1.345736,1.345736007978308,,5.0,4.5,4.12,4.62,4.0,4.5,3.75,4.5,4.88,4.5,4.38
19-2021,Atmospheric and Space Scientists,1.373917,1.3739170080019873,,4.0,4.0,4.0,4.0,3.12,3.38,3.12,4.12,4.0,4.0,3.88
19-2031,Chemists,0.5011251,0.5011251072686186,,4.0,3.62,3.75,4.0,3.0,3.75,3.5,4.0,4.12,3.88,3.75
19-2032,Materials Scientists,1.032757,1.0327570077153254,,4.0,3.75,4.0,4.0,3.0,3.5,3.12,4.0,4.0,3.75,3.88
19-2041,"Environmental Scientists and Specialists, Including Health",1.014113,1.0141130076996598,,4.75,3.6550000000000002,3.9699999999999998,3.94,3.0625,3.2199999999999998,3.4025,4.0625,3.435,3.94,3.94
19-2042,"Geoscientists, Except Hydrologists and Geographers",0.7143481,0.7143481074477805,,4.0,3.38,3.88,4.0,3.12,3.5,3.0,4.25,4.25,4.0,4.0
19-2043,Hydrologists,0.6405071,0.6405071073857352,,4.0,3.75,3.88,4.12,3.0,3.88,3.25,3.88,3.88,3.75,3.75
19-2099,"Physical Scientists, All Other",1.140157,1.1401570078055692,,4.0,3.38,3.88,4.0,3.12,3.75,3.38,4.0,3.88,3.88,3.88
19-3011,Economists,1.403764,1.4037640080270664,,5.0,3.815,4.0,4.0600000000000005,3.185,4.0600000000000005,3.31,4.0600000000000005,2.13,3.75,4.0600000000000005
19-3022,Survey Researchers,1.42653,1.4265300080461958,,5.0,3.88,4.25,4.25,3.25,4.0,3.12,4.25,2.88,4.25,4.25
19-3031,"Clinical, Counseling, and School Psychologists",1.456361,1.4563610080712615,,,,,,,,,,,,
19-3032,Industrial-Organizational Psychologists,1.402475,1.4024750080259833,,5.0,3.88,4.38,4.12,3.62,3.5,3.88,4.38,3.75,4.12,4.25
19-3033,Clinical and Counseling Psychologists,,,,5.0,3.88,4.25,4.25,3.62,2.25,3.75,4.75,2.38,4.12,4.25
19-3034,School Psychologists,,,,5.0,3.88,4.5,4.12,3.88,2.88,4.0,4.62,2.5,4.62,4.12
19-3039,"Psychologists, All Other",1.389854,1.3898540080153785,,5.0,3.815,4.4399999999999995,4.25,3.5,2.81,3.62,4.3100000000000005,3.12,4.125,4.13
19-3041,Sociologists,1.411125,1.4111250080332516,,5.0,4.0,4.12,4.0,3.88,2.88,3.5,4.0,3.12,4.12,4.0
19-3051,Urban and Regional Planners,1.227516,1.227516007878973,,5.0,3.25,4.12,4.0,3.0,3.0,3.0,4.0,2.62,4.12,3.88
19-3091,Anthropologists and Archeologists,0.6965665,0.6965665074328394,,5.0,3.88,4.12,4.12,3.38,2.75,3.5,4.12,3.0,4.25,4.25
19-3092,Geographers,1.436298,1.4362980080544034,,4.0,3.62,3.75,4.0,3.12,3.0,3.0,4.12,3.38,4.0,4.12
19-3093,Historians,1.098921,1.0989210077709204,,5.0,4.0,4.0,4.12,3.25,2.0,3.0,4.75,2.62,4.0,4.12
19-3094,Political Scientists,1.418863,1.4188630080397535,,5.0,4.12,4.12,4.0,3.5,3.0,2.88,4.25,2.62,4.12,4.0
19-3099,"Social Scientists and Related Workers, All Other",1.328048,1.3280480079634456,,4.0,3.75,4.0,4.0,3.0,3.38,3.12,4.0,2.38,4.0,4.0
19-4011,Agricultural and Food Science Technicians,0.095719,0.0957190069279737,,,,,,,,,,,,
19-4012,Agricultural Technicians,,,,3.0,3.25,3.5,3.5,2.94,3.065,3.185,3.63,2.815,3.375,3.31
19-4013,Food Science Technicians,,,,3.0,3.0,3.5,3.25,2.88,2.75,3.12,3.75,3.25,3.5,3.5
19-4021,Biological Technicians,0.3012355,0.30123550710066016,,4.0,3.5,3.88,3.75,2.88,3.0,3.38,4.0,3.75,3.38,3.5
19-4031,Chemical Technicians,0.0628057,0.0628057069003181,,3.0,3.38,3.88,4.0,3.12,3.0,3.88,4.0,4.12,3.38,3.88
19-4041,Geological and Petroleum Technicians,0.0832659,0.0832659069175099,,,,,,,,,,,,
19-4042,"Environmental Science and Protection Technicians, Including Health",,,,4.0,3.12,3.88,3.75,3.0,3.12,3.38,4.0,3.38,3.88,3.88
19-4043,"Geological Technicians, Except Hydrologic Technicians",,,,4.0,2.75,3.12,3.5,2.62,2.75,3.25,3.75,2.62,3.0,3.25
19-4044,Hydrologic Technicians,,,,3.0,,,,,,,,,,
19-4051,Nuclear Technicians,0.1696743,0.1696743069901151,,3.0,3.19,3.75,3.75,3.0,2.935,3.815,3.685,2.935,3.375,3.185
19-4061,Social Science Research Assistants,1.204652,1.2046520078597613,,4.0,3.12,3.75,3.75,3.0,3.12,2.88,4.0,3.25,3.38,3.75
19-4071,Forest and Conservation Technicians,,,,3.0,3.0,3.75,3.75,3.0,2.75,3.12,3.38,2.75,3.25,3.0
19-4091,"Environmental Science and Protection Technicians, Including Health",0.0169452,0.01694520686178353,,,,,,,,,,,,
19-4092,Forensic Science Technicians,0.2400518,0.24005180704925022,,3.0,3.38,4.0,4.0,3.0,2.75,3.25,4.0,3.25,4.0,4.0
19-4093,Forest and Conservation Technicians,-0.6672396,-0.6672395937131069,,,,,,,,,,,,
19-4099,"Life, Physical, and Social Science Technicians, All Other",0.4501044,0.4501044072257482,,3.5,3.06,3.38,3.5,2.75,3.25,3.565,3.625,2.685,3.31,3.25
19-5011,Occupational Health and Safety Specialists,,,,4.0,3.38,4.0,3.75,3.0,3.0,3.62,4.0,2.75,4.0,4.0
19-5012,Occupational Health and Safety Technicians,,,,3.0,3.12,4.0,3.88,3.0,2.75,3.25,3.88,2.75,3.88,3.75
21-1011,Substance Abuse and Behavioral Disorder Counselors,1.030841,1.0308410077137156,,5.0,3.88,4.25,3.88,3.25,2.0,4.0,4.0,1.88,4.12,4.0
21-1012,"Educational, Vocational, and School Counselors",0.9739287,0.9739287076658947,,5.0,3.75,4.38,3.88,3.75,2.25,3.75,3.88,1.5,4.12,3.88
21-1013,Marriage and Family Therapists,1.367434,1.36743400799654,,5.0,3.88,4.75,3.88,3.38,2.0,3.88,4.0,2.38,4.25,3.88
21-1014,Mental Health Counselors,1.34239,1.3423900079754965,,5.0,3.75,5.0,4.0,3.12,2.0,3.75,4.12,2.75,4.25,4.12
21-1015,Rehabilitation Counselors,0.5025014,0.5025014072697751,,5.0,3.25,4.12,3.88,3.12,2.0,4.12,3.88,2.0,4.12,3.5
21-1019,"Counselors, All Other",,,,,,,,,,,,,,
21-1021,"Child, Family, and School Social Workers",0.7761707,0.7761707074997274,,4.0,3.38,4.88,4.12,3.12,2.0,3.88,4.0,2.25,4.5,3.75
21-1022,Medical and Public Health Social Workers,0.9339648,0.9339648076323148,,5.0,3.75,4.0,4.0,3.12,2.0,3.25,4.0,2.62,4.12,3.88
21-1023,Mental Health and Substance Abuse Social Workers,1.119216,1.1192160077879731,,5.0,3.25,4.12,4.0,3.75,2.0,4.0,4.0,2.62,4.12,3.75
21-1029,"Social Workers, All Other",,,,,,,,,,,,,,
21-1091,Health Educators,0.691658,0.6916580074287151,,4.0,3.88,4.12,3.75,4.0,2.12,3.25,3.75,2.5,4.12,4.12
21-1092,Probation Officers and Correctional Treatment Specialists,0.5272448,0.5272448072905658,,4.0,3.38,4.0,3.88,2.25,1.88,3.75,3.88,1.75,4.0,3.75
21-1093,Social and Human Service Assistants,0.4652255,0.4652255072384538,,4.0,3.25,4.0,3.62,2.88,2.0,3.62,3.75,1.75,4.0,3.62
21-1094,Community Health Workers,0.0371229,0.03712290687873797,,4.0,3.88,4.0,4.0,3.12,2.0,3.75,3.88,1.5,4.0,3.75
21-1099,"Community and Social Service Specialists, All Other",,,,,,,,,,,,,,
21-2011,Clergy,1.282559,1.2825590079252231,,5.0,3.75,4.25,3.75,3.62,1.88,3.5,3.88,1.38,4.75,3.88
21-2021,"Directors, Religious Activities and Education",1.210922,1.2109220078650298,,4.0,3.88,4.0,3.88,3.75,2.12,3.12,3.88,1.38,4.12,3.25
21-2099,"Religious Workers, All Other",,,,,,,,,,,,,,
23-1011,Lawyers,1.328783,1.3287830079640632,,5.0,3.75,4.5,4.5,3.12,2.0,3.38,4.5,1.5,4.62,4.25
23-1012,Judicial Law Clerks,1.462973,1.4629730080768173,,5.0,3.75,4.25,4.25,3.0,1.88,3.0,4.5,1.0,4.0,4.12
23-1021,"Administrative Law Judges, Adjudicators, and Hearing Officers",1.374714,1.374714008002657,,5.0,4.0,4.5,4.5,3.0,2.12,3.88,4.5,1.38,4.12,4.25
23-1022,"Arbitrators, Mediators, and Conciliators",1.431593,1.4315930080504498,,5.0,3.88,4.38,4.0,2.88,2.12,2.88,4.12,1.25,4.12,4.25
23-1023,"Judges, Magistrate Judges, and Magistrates",1.496494,1.4964940081049833,,5.0,4.0,5.0,4.88,2.75,2.12,3.88,4.25,1.75,4.12,4.12
23-2011,Paralegals and Legal Assistants,1.292055,1.2920550079332023,,3.0,3.0,3.88,3.25,2.25,2.0,3.0,3.88,1.38,3.62,4.0
23-2091,Court Reporters,0.835246,0.8352460075493657,,,,,,,,,,,,
23-2093,"Title Examiners, Abstractors, and Searchers",1.279954,1.2799540079230345,,2.0,2.88,3.75,3.62,2.38,2.12,3.0,4.0,1.0,3.62,3.25
23-2099,"Legal Support Workers, All Other",,,,,,,,,,,,,,
25-1011,"Business Teachers, Postsecondary",1.349314,1.3493140079813144,,5.0,3.88,4.0,3.88,4.0,3.0,3.62,4.0,1.88,4.25,4.0
25-1021,"Computer Science Teachers, Postsecondary",1.277778,1.277778007921206,,5.0,3.88,3.88,3.88,3.88,3.12,3.75,4.0,2.75,4.0,4.0
25-1022,"Mathematical Science Teachers, Postsecondary",1.338676,1.3386760079723758,,5.0,3.75,4.0,3.88,3.88,4.25,3.88,4.0,2.38,4.12,3.88
25-1031,"Architecture Teachers, Postsecondary",1.222022,1.2220220078743567,,5.0,3.88,4.0,3.88,4.12,2.88,3.75,4.12,2.38,4.12,4.0
25-1032,"Engineering Teachers, Postsecondary",1.351133,1.3511330079828427,,5.0,3.62,4.0,3.88,4.12,3.88,3.38,4.0,3.5,4.12,3.88
25-1041,"Agricultural Sciences Teachers, Postsecondary",0.7546685,0.7546685074816599,,5.0,4.0,4.0,4.0,4.12,3.0,3.88,4.12,3.5,4.12,4.0
25-1042,"Biological Science Teachers, Postsecondary",1.227677,1.2276770078791082,,5.0,4.0,4.0,3.88,4.12,3.12,3.88,4.0,4.0,4.25,4.0
25-1043,"Forestry and Conservation Science Teachers, Postsecondary",1.260278,1.2602780079065015,,5.0,4.0,4.0,3.88,4.12,3.0,3.88,4.12,3.25,4.0,4.12
25-1051,"Atmospheric, Earth, Marine, and Space Sciences Teachers, Postsecondary",1.306156,1.306156007945051,,5.0,3.88,4.0,4.0,3.88,3.38,3.62,4.0,4.0,4.75,4.0
25-1052,"Chemistry Teachers, Postsecondary",1.333947,1.3339470079684024,,5.0,4.0,4.0,4.0,4.0,3.25,4.0,4.12,4.0,4.12,4.12
25-1053,"Environmental Science Teachers, Postsecondary",1.347519,1.347519007979806,,5.0,3.88,4.0,4.0,4.0,3.0,3.88,4.12,4.0,4.12,4.0
25-1054,"Physics Teachers, Postsecondary",1.044191,1.0441910077249332,,5.0,4.0,4.0,4.0,4.0,3.62,3.62,4.12,4.12,4.12,4.0
25-1061,"Anthropology and Archeology Teachers, Postsecondary",1.321694,1.3216940079581065,,5.0,4.25,4.38,4.0,4.38,2.62,3.88,4.75,3.75,4.88,4.62
25-1062,"Area, Ethnic, and Cultural Studies Teachers, Postsecondary",1.308699,1.3086990079471876,,5.0,4.0,4.0,3.88,4.0,2.0,3.12,4.25,2.5,4.12,4.0
25-1063,"Economics Teachers, Postsecondary",1.319012,1.3190120079558532,,5.0,3.75,4.0,3.88,3.88,3.25,3.0,4.0,2.38,4.12,4.0
25-1064,"Geography Teachers, Postsecondary",1.318899,1.318899007955758,,5.0,3.88,4.0,3.88,3.88,2.75,3.12,4.0,3.12,4.12,4.12
25-1065,"Political Science Teachers, Postsecondary",1.368397,1.368397007997349,,5.0,4.0,4.0,3.88,3.88,2.0,3.0,4.12,2.38,4.62,4.0
25-1066,"Psychology Teachers, Postsecondary",1.33366,1.3336600079681613,,5.0,3.88,4.0,3.88,4.25,3.0,3.5,4.12,3.38,4.12,4.0
25-1067,"Sociology Teachers, Postsecondary",1.349229,1.349229007981243,,5.0,3.62,4.0,3.75,4.0,2.12,3.75,4.0,2.75,4.62,4.0
25-1069,"Social Sciences Teachers, Postsecondary, All Other",,,,,,,,,,,,,,
25-1071,"Health Specialties Teachers, Postsecondary",0.924754,0.9247540076245754,,5.0,4.0,4.0,4.0,4.0,3.0,3.62,4.12,3.25,4.12,4.0
25-1072,"Nursing Instructors and Teachers, Postsecondary",0.5170682,0.5170682072820149,,5.0,3.88,4.0,3.88,4.12,2.88,3.88,4.0,2.88,4.12,4.0
25-1081,"Education Teachers, Postsecondary",1.192988,1.1929880078499606,,5.0,4.0,4.12,3.75,4.12,2.12,3.88,4.25,2.0,4.62,4.0
25-1082,"Library Science Teachers, Postsecondary",1.386292,1.3862920080123855,,5.0,4.0,4.0,4.0,4.0,2.25,4.0,4.12,2.12,4.12,4.0
25-1111,"Criminal Justice and Law Enforcement Teachers, Postsecondary",1.389999,1.3899990080155002,,5.0,4.0,4.12,4.12,4.0,2.0,3.88,4.0,1.75,4.75,4.0
25-1112,"Law Teachers, Postsecondary",1.35645,1.3564500079873105,,5.0,4.12,4.5,4.25,4.5,2.0,3.75,4.5,1.62,4.75,4.12
25-1113,"Social Work Teachers, Postsecondary",1.347327,1.3473270079796449,,5.0,4.0,4.0,4.0,4.25,2.62,3.75,4.0,2.62,4.62,4.0
25-1121,"Art, Drama, and Music Teachers, Postsecondary",0.7582769,0.758276907484692,,5.0,4.0,4.0,3.62,4.12,2.0,3.75,4.0,1.75,4.62,3.88
25-1122,"Communications Teachers, Postsecondary",1.347435,1.3474350079797357,,5.0,4.0,4.12,3.88,4.12,2.12,3.75,4.25,1.88,4.25,4.12
25-1123,"English Language and Literature Teachers, Postsecondary",1.417833,1.417833008038888,,5.0,3.88,4.0,3.75,4.0,2.0,3.62,4.75,1.75,4.12,4.25
25-1124,"Foreign Language and Literature Teachers, Postsecondary",1.33412,1.3341200079685476,,5.0,3.88,4.0,3.75,4.0,2.0,3.62,4.0,1.75,4.12,4.0
25-1125,"History Teachers, Postsecondary",1.43749,1.437490008055405,,5.0,3.88,4.0,3.88,4.12,2.0,3.62,4.25,1.88,4.5,4.12
25-1126,"Philosophy and Religion Teachers, Postsecondary",1.363522,1.3635220079932528,,5.0,3.75,4.12,4.0,3.88,2.0,3.25,4.25,1.75,4.12,4.0
25-1191,Graduate Teaching Assistants,1.111356,1.111356007781369,,,,,,,,,,,,
25-1192,"Home Economics Teachers, Postsecondary",1.211652,1.2116520078656432,,5.0,3.62,4.0,3.75,4.0,2.62,3.5,4.0,2.25,4.12,3.62
25-1193,"Recreation and Fitness Studies Teachers, Postsecondary",1.16489,1.164890007826351,,5.0,3.38,4.0,3.88,4.0,2.12,3.75,4.0,2.38,4.12,4.0
25-1194,"Vocational Education Teachers, Postsecondary",0.1622185,0.1622185069838503,,3.0,3.88,4.0,3.75,4.0,2.25,3.62,3.88,1.88,3.88,3.62
25-1199,"Postsecondary Teachers, All Other",,,,,,,,,,,,,,
25-2011,"Preschool Teachers, Except Special Education",0.0306372,0.030637206873288317,,3.0,3.12,3.88,3.75,3.88,2.0,3.75,3.75,1.62,4.0,3.0
25-2012,"Kindergarten Teachers, Except Special Education",0.3644047,0.3644047071537385,,4.0,3.25,4.0,3.25,4.0,2.25,4.0,3.88,1.38,4.0,3.25
25-2021,"Elementary School Teachers, Except Special Education",0.8869491,0.8869491075928096,,4.0,3.75,4.0,4.0,4.25,2.75,4.0,3.88,2.0,4.12,3.88
25-2022,"Middle School Teachers, Except Special and Vocational Education",1.286445,1.2864450079284886,,4.0,3.88,4.0,3.75,4.25,2.88,3.88,3.88,2.0,4.12,3.88
25-2023,"Vocational Education Teachers, Middle School",0.5199191,0.5199191072844104,,4.0,3.88,4.0,4.0,4.12,2.62,4.0,4.0,1.75,4.12,3.75
25-2031,"Secondary School Teachers, Except Special and Vocational Education",1.191325,1.1913250078485633,,4.0,3.75,4.0,3.88,4.0,2.75,3.88,4.0,2.0,4.0,3.62
25-2032,"Vocational Education Teachers, Secondary School",0.3734505,0.37345050716133926,,4.0,3.88,4.12,4.0,4.12,3.0,4.0,4.12,1.75,4.12,4.0
25-2051,"Special Education Teachers, Preschool",0.3750564,0.3750564071626886,,4.0,3.88,4.0,4.0,4.0,2.12,4.0,4.0,1.75,4.0,3.75
25-2052,"Special Education Teachers, Kindergarten and Elementary School",0.7357486,0.7357486074657624,,,,,,,,,,,,
25-2053,"Special Education Teachers, Middle School",1.296072,1.2960720079365775,,,,,,,,,,,,
25-2054,"Special Education Teachers, Secondary School",0.9587653,0.9587653076531536,,,,,,,,,,,,
25-2055,"Special Education Teachers, Kindergarten",,,,4.0,3.62,3.88,3.62,3.88,2.5,3.62,3.88,1.5,4.0,3.62
25-2056,"Special Education Teachers, Elementary School",,,,4.0,3.5,4.25,4.0,4.12,2.62,3.62,4.12,1.88,4.25,3.75
25-2057,"Special Education Teachers, Middle School",,,,4.0,4.0,4.0,4.0,4.12,2.5,4.0,4.0,1.62,4.0,4.0
25-2058,"Special Education Teachers, Secondary School",,,,4.0,3.38,3.88,3.75,4.12,2.62,3.88,4.0,1.88,4.0,3.88
25-2059,"Special Education Teachers, All Other",-0.6632917,-0.6632916937097897,,4.0,3.88,4.0,3.75,4.0,2.0,3.88,3.88,1.5,4.0,3.88
25-3011,"Adult Literacy, Remedial Education, and GED Teachers and Instructors",1.348951,1.3489510079810094,,4.0,3.5,3.75,3.5,3.75,2.62,3.62,3.75,1.75,3.75,3.62
25-3021,Self-Enrichment Education Teachers,0.526352,0.5263520072898157,,3.0,3.12,3.38,3.12,3.38,2.0,3.12,3.12,1.38,3.62,3.0
25-3031,"Substitute Teachers, Short-Term",,,,4.0,3.0,3.62,3.38,3.12,2.0,3.38,3.62,1.38,3.62,3.12
25-3041,Tutors,,,,3.0,3.62,4.0,3.75,4.0,2.88,3.5,4.12,1.62,4.0,3.62
25-3099,"Teachers and Instructors, All Other",1.32533,1.3253300079611616,,,,,,,,,,,,
25-4011,Archivists,0.6765602,0.676560207416029,,5.0,3.38,3.88,3.38,2.88,2.0,3.0,4.12,1.88,3.5,3.88
25-4012,Curators,0.7366658,0.7366658074665332,,5.0,3.5,3.88,3.75,3.25,2.88,3.38,4.0,2.0,4.0,3.88
25-4013,Museum Technicians and Conservators,-0.0912107,-0.09121069322909514,,5.0,3.12,3.88,3.38,2.88,2.38,3.38,4.0,2.5,3.62,3.38
25-4021,Librarians,1.037039,1.0370390077189235,,,,,,,,,,,,
25-4022,Librarians and Media Collections Specialists,,,,5.0,3.12,4.0,3.62,3.0,1.88,3.25,4.12,1.0,4.0,3.62
25-4031,Library Technicians,0.037965,0.03796500687944555,,3.0,2.88,3.25,3.0,3.0,2.0,2.88,3.38,1.25,3.25,2.88
25-9011,Audio-Visual Collections Specialists,0.4508702,0.45087020722639165,,,,,,,,,,,,
25-9021,Farm and Home Management Advisors,0.8604031,0.8604031075705041,,5.0,3.75,4.38,3.75,3.75,3.0,3.38,4.0,2.75,4.12,3.88
25-9031,Instructional Coordinators,1.301855,1.3018550079414368,,5.0,3.88,4.0,3.88,4.25,2.75,4.0,4.0,1.5,4.12,4.12
25-9041,Teacher Assistants,0.4516636,0.4516636072270583,,,,,,,,,,,,
25-9042,"Teaching Assistants, Preschool, Elementary, Middle, and Secondary School, Except Special Education",,,,3.0,3.12,3.75,3.38,3.38,2.5,3.38,3.62,1.38,3.62,3.38
25-9043,"Teaching Assistants, Special Education",,,,3.0,3.0,3.88,3.38,3.62,1.88,3.62,3.62,1.38,3.75,3.12
25-9044,"Teaching Assistants, Postsecondary",,,,5.0,3.0,3.62,3.12,3.38,2.25,3.12,3.88,2.0,3.5,3.25
25-9049,"Teaching Assistants, All Other",,,,,,,,,,,,,,
25-9099,"Educational Instruction and Library Workers, All Other",,,,,,,,,,,,,,
27-1011,Art Directors,1.02251,1.0225100077067155,,4.0,3.25,4.0,3.75,3.0,2.25,3.25,3.75,1.25,4.0,3.38
27-1012,Craft Artists,-0.9295284,-0.9295283939334967,,3.0,2.75,3.0,3.12,2.0,2.12,3.0,3.0,1.0,3.0,2.75
27-1013,"Fine Artists, Including Painters, Sculptors, and Illustrators",-0.5690498,-0.5690497936306024,,3.0,3.25,3.12,3.25,2.38,2.12,2.75,3.0,1.0,3.0,2.88
27-1014,Multi-Media Artists and Animators,0.7058651,0.7058651074406527,,4.0,3.12,3.88,3.75,2.88,2.12,3.0,3.75,1.12,3.25,3.12
27-1019,"Artists and Related Workers, All Other",,,,,,,,,,,,,,
27-1021,Commercial and Industrial Designers,0.867039,0.86703900757608,,4.0,3.0,4.0,3.75,2.75,2.75,3.12,3.88,2.62,3.5,3.12
27-1022,Fashion Designers,0.5801539,0.580153907335023,,3.0,3.75,3.88,3.88,3.12,2.12,3.5,3.62,1.12,3.88,3.38
27-1023,Floral Designers,-0.2718452,-0.2718451933808744,,2.0,2.88,3.88,3.12,2.38,2.12,3.0,2.88,1.0,3.62,2.62
27-1024,Graphic Designers,0.7156958,0.7156958074489129,,4.0,3.25,3.75,3.25,2.75,2.0,3.0,3.12,1.12,3.38,3.25
27-1025,Interior Designers,1.12168,1.1216800077900437,,4.0,3.12,4.0,4.0,2.62,3.0,3.12,4.0,1.12,4.0,3.62
27-1026,Merchandise Displayers and Window Trimmers,-1.001413,-1.0014129939938983,,3.0,2.88,3.5,3.25,2.38,2.0,2.75,3.0,1.25,3.25,2.88
27-1027,Set and Exhibit Designers,-0.0519323,-0.05193229319609121,,5.0,3.12,3.88,3.75,2.88,3.0,3.12,3.88,1.75,3.75,3.25
27-1029,"Designers, All Other",,,,,,,,,,,,,,
27-2011,Actors,0.1590935,0.15909350698122451,,2.0,2.88,3.88,3.12,2.62,1.12,2.88,4.0,1.12,4.0,2.75
27-2012,Producers and Directors,0.9388108,0.9388108076363867,,4.0,3.3775,4.0649999999999995,3.9699999999999998,3.0300000000000002,2.1550000000000002,3.815,3.9050000000000002,1.28,4.0625,3.5324999999999998
27-2021,Athletes and Sports Competitors,-1.814336,-1.8143359946769617,,2.0,3.0,3.75,3.75,2.88,2.12,3.25,3.12,1.75,3.88,2.75
27-2022,Coaches and Scouts,0.1168668,0.11686680694574327,,4.0,3.88,4.0,4.0,4.12,2.12,4.12,4.0,1.62,4.38,3.62
27-2023,"Umpires, Referees, and Other Sports Officials",-0.0325617,-0.03256169317981494,,2.0,3.0,3.25,3.38,3.0,2.5,3.12,3.0,1.38,3.62,2.75
27-2031,Dancers,-2.669758,-2.669757995395735,,3.0,2.75,3.25,3.0,2.5,1.38,2.88,2.75,1.0,2.88,2.5
27-2032,Choreographers,-1.575769,-1.5757689944765043,,3.0,3.25,3.88,3.38,3.62,1.62,3.75,3.5,1.12,3.88,3.0
27-2041,Music Directors and Composers,0.8829641,0.8829641075894612,,4.0,3.38,3.88,3.5,2.75,2.12,3.25,3.5,1.25,3.62,3.38
27-2042,Musicians and Singers,-0.0040058,-0.0040057931558206755,,4.0,2.75,3.25,3.0,2.62,1.88,3.25,3.12,1.12,3.38,2.75
27-2091,"Disc Jockeys, Except Radio",,,,2.0,2.75,3.25,3.12,2.12,1.88,3.25,3.0,1.0,3.5,2.88
27-2099,"Entertainers and Performers, Sports and Related Workers, All Other",,,,,,,,,,,,,,
27-3011,Radio and Television Announcers,0.8493547,0.8493547075612207,,4.0,3.12,4.0,3.75,2.0,1.75,3.0,3.88,1.0,4.75,3.12
27-3012,Public Address System and Other Announcers,0.6650665,0.6650665074063714,,,,,,,,,,,,
27-3021,Broadcast News Analysts,1.163517,1.1635170078251973,,,,,,,,,,,,
27-3022,Reporters and Correspondents,1.186679,1.1866790078446594,,,,,,,,,,,,
27-3023,"News Analysts, Reporters, and Journalists",,,,4.0,3.75,4.5,4.12,2.5,1.88,3.25,4.38,1.12,4.25,4.0
27-3031,Public Relations Specialists,1.284927,1.2849270079272128,,4.0,3.38,4.12,3.88,2.88,2.0,3.0,4.0,1.5,4.12,4.0
27-3041,Editors,1.128221,1.1282210077955397,,4.0,3.25,4.0,3.88,3.0,2.12,3.25,5.0,1.0,4.0,4.38
27-3042,Technical Writers,1.184001,1.1840010078424092,,4.0,3.25,3.75,3.62,2.5,1.62,3.0,4.12,1.25,3.75,4.88
27-3043,Writers and Authors,0.9879274,0.9879274076776572,,4.0,3.375,3.685,3.685,2.685,1.565,2.815,4.1850000000000005,1.06,3.815,4.875
27-3091,Interpreters and Translators,1.111319,1.1113190077813377,,4.0,3.12,4.0,3.62,3.0,2.0,3.62,3.88,1.12,4.12,3.75
27-3092,Court Reporters and Simultaneous Captioners,,,,3.0,2.0,4.25,2.75,1.88,1.62,3.0,3.5,1.0,3.0,3.62
27-3099,"Media and Communication Workers, All Other",,,,,,,,,,,,,,
27-4011,Audio and Video Equipment Technicians,-0.0117747,-0.011774693162348542,,3.0,3.0,3.12,3.5,2.75,2.0,3.75,3.5,1.0,3.12,3.12
27-4012,Broadcast Technicians,0.1222249,0.12222490695024543,,3.0,3.12,3.62,3.88,2.75,2.75,3.88,3.25,1.62,3.0,3.12
27-4013,Radio Operators,0.926126,0.9261260076257282,,,,,,,,,,,,
27-4014,Sound Engineering Technicians,0.4715462,0.4715462072437648,,3.0,3.12,3.75,3.5,2.5,2.0,3.12,3.25,1.62,3.62,3.12
27-4015,Lighting Technicians,,,,3.0,,,,,,,,,,
27-4021,Photographers,-0.1680973,-0.16809729329369955,,3.0,3.12,3.75,3.12,2.88,2.0,3.12,3.12,1.75,3.75,2.88
27-4031,"Camera Operators, Television, Video, and Motion Picture",-0.4470009,-0.44700089352805,,3.0,2.88,3.75,3.12,2.75,2.0,3.12,3.25,1.0,3.25,2.88
27-4032,Film and Video Editors,0.985707,0.9857070076757916,,4.0,3.25,3.75,3.5,2.62,1.88,3.0,3.38,1.0,3.25,3.12
27-4099,"Media and Communication Equipment Workers, All Other",,,,,,,,,,,,,,
29-1011,Chiropractors,-0.1911757,-0.1911756933130913,,5.0,3.5,4.0,3.88,3.0,2.12,3.25,3.88,3.38,4.0,3.62
29-1021,"Dentists, General",-0.1813301,-0.18133009330481847,,5.0,4.0,4.0,4.12,3.12,2.62,4.0,4.0,3.62,4.0,3.5
29-1022,Oral and Maxillofacial Surgeons,-0.2389668,-0.23896679335324808,,5.0,3.75,4.0,4.12,2.75,2.62,3.88,4.0,3.62,3.88,3.88
29-1023,Orthodontists,0.1616631,0.16166310698338363,,5.0,3.75,4.0,4.0,3.25,2.12,4.0,3.88,3.38,4.0,3.38
29-1024,Prosthodontists,-0.1561403,-0.15614029328365261,,5.0,3.0,4.0,4.0,2.88,2.0,3.62,3.62,3.0,4.0,3.38
29-1029,"Dentists, All Other Specialists",,,,,,,,,,,,,,
29-1031,Dietitians and Nutritionists,1.342809,1.3428090079758486,,5.0,3.62,4.0,4.0,3.75,3.0,3.88,4.0,3.25,4.0,3.88
29-1041,Optometrists,0.5040194,0.5040194072710505,,5.0,3.12,4.12,4.12,3.12,3.0,3.25,4.12,3.75,4.0,4.0
29-1051,Pharmacists,0.6058705,0.6058705073566315,,5.0,3.62,4.0,3.88,3.12,3.12,3.88,4.0,3.12,4.0,3.88
29-1061,Anesthesiologists,0.2349698,0.23496980704498005,,,,,,,,,,,,
29-1062,Family and General Practitioners,1.031925,1.0319250077146265,,,,,,,,,,,,
29-1063,"Internists, General",1.046167,1.0461670077265934,,,,,,,,,,,,
29-1064,Obstetricians and Gynecologists,0.2803215,0.28032150708308706,,,,,,,,,,,,
29-1065,"Pediatricians, General",1.126144,1.1261440077937945,,,,,,,,,,,,
29-1066,Psychiatrists,1.280753,1.2807530079237057,,,,,,,,,,,,
29-1067,Surgeons,-0.0504534,-0.05045339319484855,,,,,,,,,,,,
29-1069,"Physicians and Surgeons, All Other",0.7086123,0.708612307442961,,,,,,,,,,,,
29-1071,Physician Assistants,0.1059147,0.10591470693654069,,5.0,3.815,4.0,3.87,3.0,2.94,4.0,4.0600000000000005,3.25,3.875,3.625
29-1081,Podiatrists,0.6279185,0.6279185073751576,,5.0,4.0,4.0,4.0,3.25,2.88,3.88,4.0,3.5,4.0,3.88
29-1122,Occupational Therapists,0.1151615,0.11516150694431036,,5.0,3.815,4.0600000000000005,3.75,3.94,2.06,3.935,3.94,2.375,4.0,3.875
29-1123,Physical Therapists,-0.3581922,-0.358192193453428,,5.0,3.12,4.0,4.0,3.12,2.12,3.88,4.0,2.62,4.0,3.88
29-1124,Radiation Therapists,-0.2189393,-0.21893929333641984,,3.0,3.0,3.75,3.5,2.88,2.75,3.25,3.75,2.75,3.25,3.12
29-1125,Recreational Therapists,0.2190109,0.21901090703157047,,4.0,3.38,4.0,3.88,3.38,2.0,3.38,3.88,2.0,4.0,3.88
29-1126,Respiratory Therapists,-0.1880507,-0.1880506933104655,,3.0,3.38,4.0,4.0,3.12,2.75,4.0,3.88,3.0,3.88,3.25
29-1127,Speech-Language Pathologists,1.146267,1.146267007810703,,5.0,3.88,4.12,4.12,4.0,2.0,3.88,4.12,2.88,4.0,4.0
29-1128,Exercise Physiologists,-0.0331901,-0.03319009318034296,,4.0,3.38,4.0,3.88,3.38,2.75,3.88,4.0,2.88,4.0,3.88
29-1129,"Therapists, All Other",,,,4.5,3.435,4.0600000000000005,3.94,3.435,2.0,3.875,3.875,1.815,4.0,3.5
29-1131,Veterinarians,-0.0749958,-0.07499579321547047,,5.0,4.0,4.12,3.88,3.0,3.12,3.25,4.12,3.88,3.88,3.5
29-1141,Registered Nurses,0.2294097,0.2294097070403081,,4.4,3.8519999999999994,4.052,4.024,3.4,2.802,3.974,4.0,2.952,4.072,3.8019999999999996
29-1151,Nurse Anesthetists,0.2413191,0.2413191070503151,,5.0,4.0,4.0,4.12,3.38,3.25,4.0,4.12,3.88,4.0,3.38
29-1161,Nurse Midwives,0.1966265,0.19662650701276185,,5.0,4.0,4.12,4.12,3.25,2.62,4.0,4.0,2.88,4.12,3.88
29-1171,Nurse Practitioners,0.1900572,0.19005720700724196,,5.0,4.0,4.12,4.12,3.5,3.0,4.0,4.12,3.75,4.0,4.0
29-1181,Audiologists,0.6329063,0.6329063073793486,,5.0,4.0,4.12,4.0,3.38,2.88,3.75,4.12,3.0,4.0,4.0
29-1199,"Health Diagnosing and Treating Practitioners, All Other",0.7109566,0.7109566074449308,,,,,,,,,,,,
29-1211,Anesthesiologists,,,,5.0,3.88,4.0,4.62,3.38,3.0,4.12,4.12,4.0,4.0,4.0
29-1212,Cardiologists,,,,5.0,,,,,,,,,,
29-1213,Dermatologists,,,,5.0,3.75,4.0,4.12,3.12,2.25,3.5,3.88,3.62,3.88,3.5
29-1214,Emergency Medicine Physicians,,,,5.0,4.0,4.38,4.38,3.62,2.75,4.12,4.25,3.0,4.25,4.12
29-1215,Family Medicine Physicians,,,,5.0,4.0,4.25,4.38,3.25,2.75,4.0,4.25,3.88,4.12,4.12
29-1216,General Internal Medicine Physicians,,,,5.0,3.88,4.12,4.0,3.12,2.88,3.88,4.12,4.0,4.0,4.0
29-1217,Neurologists,,,,5.0,3.75,4.25,4.12,3.38,2.88,4.0,4.12,3.75,4.12,4.0
29-1218,Obstetricians and Gynecologists,,,,5.0,4.12,4.12,4.38,3.5,2.75,4.0,4.25,3.75,4.0,4.0
29-1221,"Pediatricians, General",,,,5.0,4.0,4.12,4.25,3.25,2.38,4.0,4.12,4.0,4.25,4.0
29-1222,"Physicians, Pathologists",,,,5.0,4.0,4.0,4.12,3.12,3.0,3.5,4.25,4.0,3.88,4.12
29-1223,Psychiatrists,,,,5.0,3.88,5.0,4.38,3.75,2.62,4.0,4.0,3.62,4.12,4.0
29-1224,Radiologists,,,,5.0,3.88,4.25,4.12,3.25,2.88,4.0,4.25,3.75,4.25,4.12
29-1229,"Physicians, All Other",,,,5.0,3.9583333333333335,4.121666666666667,4.185,3.4133333333333336,2.7900000000000005,3.98,4.333333333333333,3.543333333333333,4.081666666666667,4.0
29-1241,"Ophthalmologists, Except Pediatric",,,,5.0,4.0,4.12,4.25,3.38,3.0,4.0,4.25,3.88,4.0,4.0
29-1242,"Orthopedic Surgeons, Except Pediatric",,,,5.0,,,,,,,,,,
29-1243,Pediatric Surgeons,,,,5.0,,,,,,,,,,
29-1249,"Surgeons, All Other",,,,,,,,,,,,,,
29-1291,Acupuncturists,,,,5.0,3.12,3.88,3.75,2.62,2.0,3.25,3.25,2.25,3.62,3.12
29-1292,Dental Hygienists,,,,3.0,3.0,3.75,3.5,2.75,2.0,3.12,3.0,2.38,3.5,3.12
29-1299,"Healthcare Diagnosing or Treating Practitioners, All Other",,,,5.0,3.565,4.0600000000000005,4.0,3.25,2.685,3.19,4.125,3.31,4.0,3.875
29-2011,Medical and Clinical Laboratory Technologists,0.2818067,0.28180670708433503,,4.25,3.2199999999999998,3.6574999999999998,3.7525,2.815,2.7175000000000002,3.2824999999999998,3.7824999999999998,3.3449999999999998,3.31,3.215
29-2012,Medical and Clinical Laboratory Technicians,-0.1273315,-0.12733149325944582,,3.0,2.94,3.56,3.375,2.565,2.375,3.125,3.565,3.06,3.12,3.0
29-2021,Dental Hygienists,-0.416508,-0.4165079935024282,,,,,,,,,,,,
29-2031,Cardiovascular Technologists and Technicians,-0.0909526,-0.09095259322887825,,3.0,3.12,3.88,3.75,2.88,2.62,3.75,3.62,3.0,3.75,3.12
29-2032,Diagnostic Medical Sonographers,-0.264054,-0.2640539933743278,,3.0,3.12,4.0,3.62,3.0,2.0,3.25,3.75,2.88,3.88,3.25
29-2033,Nuclear Medicine Technologists,0.0855276,0.0855276069194103,,3.0,3.12,3.75,3.88,2.75,3.12,3.5,3.5,3.25,3.75,3.5
29-2034,Radiologic Technologists and Technicians,-0.5559037,-0.5559036936195563,,3.0,2.88,3.75,3.25,2.62,2.0,3.25,3.75,2.0,3.38,3.0
29-2035,Magnetic Resonance Imaging Technologists,-0.0727627,-0.07276269321359409,,3.0,3.12,3.75,3.38,2.75,2.62,3.75,3.88,2.75,3.62,3.12
29-2036,Medical Dosimetrists,,,,4.0,3.38,4.0,4.12,3.12,3.5,3.5,4.0,3.38,3.88,3.75
29-2041,Emergency Medical Technicians and Paramedics,-0.6863446,-0.68634459372916,,,,,,,,,,,,
29-2042,Emergency Medical Technicians,,,,3.0,,,,,,,,,,
29-2043,Paramedics,,,,3.0,3.38,3.62,3.75,2.75,2.38,3.5,3.5,2.25,3.5,2.88
29-2051,Dietetic Technicians,-0.1260282,-0.12602819325835074,,3.0,3.12,3.25,3.12,3.12,2.88,3.12,3.12,2.0,3.38,3.12
29-2052,Pharmacy Technicians,0.0070256,0.007025606853448526,,3.0,3.12,4.0,3.25,2.88,3.0,3.12,3.75,1.88,3.75,3.0
29-2053,Psychiatric Technicians,-0.2203484,-0.22034839333760387,,3.0,3.12,4.0,3.62,3.0,2.0,4.0,3.75,2.0,3.88,3.25
29-2054,Respiratory Therapy Technicians,-0.1060473,-0.10604729324156167,,,,,,,,,,,,
29-2055,Surgical Technologists,-0.4830476,-0.4830475935583385,,3.0,3.0,3.25,3.0,3.0,2.62,3.62,3.12,2.12,3.12,2.88
29-2056,Veterinary Technologists and Technicians,-0.3623179,-0.36231789345689464,,3.0,3.12,3.75,3.75,3.0,2.75,3.25,3.62,2.88,3.62,3.25
29-2057,Ophthalmic Medical Technicians,0.078734,0.07873400691370194,,3.0,3.0,3.62,3.0,2.62,2.5,3.0,3.12,2.0,3.25,3.12
29-2061,Licensed Practical and Licensed Vocational Nurses,-0.5137373,-0.5137372935841257,,3.0,3.38,3.88,3.75,3.12,2.88,3.88,3.75,2.62,3.88,3.25
29-2071,Medical Records and Health Information Technicians,0.5738765,0.5738765073297485,,,,,,,,,,,,
29-2072,Medical Records Specialists,,,,3.0,3.0,3.25,3.38,2.75,2.25,3.0,3.62,1.0,3.12,3.12
29-2081,"Opticians, Dispensing",0.1013966,0.10139660693274433,,3.0,3.0,3.88,3.5,2.62,2.88,3.0,3.75,1.75,4.0,3.25
29-2091,Orthotists and Prosthetists,0.066577,0.06657700690348695,,5.0,3.75,4.0,4.0,3.12,3.0,3.38,4.0,2.88,4.0,4.0
29-2092,Hearing Aid Specialists,0.5648953,0.564895307322202,,3.0,3.12,3.88,3.12,3.0,2.12,3.12,3.25,1.75,3.38,3.12
29-2099,"Health Technologists and Technicians, All Other",-0.283854,-0.28385399339096484,,3.0,3.08,4.043333333333333,3.5833333333333335,2.956666666666667,2.33,3.2466666666666666,3.5833333333333335,2.1666666666666665,3.92,3.206666666666667
29-9011,Occupational Health and Safety Specialists,0.8349371,0.8349371075491062,,,,,,,,,,,,
29-9012,Occupational Health and Safety Technicians,0.3996866,0.3996866071833843,,,,,,,,,,,,
29-9021,Health Information Technologists and Medical Registrars,,,,3.0,,,,,,,,,,
29-9091,Athletic Trainers,-0.3311363,-0.33113629343069406,,5.0,3.75,4.0,3.88,3.12,2.12,3.88,3.75,2.38,3.88,3.5
29-9092,Genetic Counselors,1.527667,1.5276670081311767,,5.0,4.0,4.12,4.0,3.12,2.88,3.0,4.12,3.0,4.0,4.0
29-9093,Surgical Assistants,,,,3.0,3.0,4.0,3.62,3.12,2.5,3.62,3.62,2.62,3.75,3.12
29-9099,"Healthcare Practitioners and Technical Workers, All Other",0.2295568,0.22955680704043174,,5.0,3.38,3.75,4.0,3.25,2.25,4.0,3.62,2.88,3.75,3.12
31-1011,Home Health Aides,-0.644942,-0.6449419936943712,,,,,,,,,,,,
31-1013,Psychiatric Aides,-0.496565,-0.4965649935696965,,,,,,,,,,,,
31-1014,Nursing Assistants,-0.9040212,-0.904021193912064,,,,,,,,,,,,
31-1015,Orderlies,-1.679232,-1.6792319945634397,,,,,,,,,,,,
31-1121,Home Health Aides,,,,2.0,2.88,3.88,3.0,2.75,2.0,3.12,3.12,1.5,3.0,2.88
31-1122,Personal Care Aides,,,,2.0,2.88,3.38,3.25,2.75,2.0,3.25,2.88,1.75,3.0,2.88
31-1131,Nursing Assistants,,,,3.0,2.88,3.62,3.12,2.38,2.12,3.25,3.12,1.75,3.12,2.75
31-1132,Orderlies,,,,2.0,2.12,3.12,2.75,2.12,1.75,2.62,2.5,1.25,3.0,2.62
31-1133,Psychiatric Aides,,,,2.0,3.25,3.75,3.38,2.88,2.12,3.75,3.12,1.75,3.88,3.12
31-2011,Occupational Therapist Assistants,-0.3153762,-0.31537619341745154,,3.0,3.25,3.88,3.38,3.25,2.12,3.38,3.62,1.88,3.88,3.25
31-2012,Occupational Therapist Aides,-0.7734322,-0.773432193802336,,3.0,3.0,3.5,3.25,3.0,2.0,3.25,3.12,1.62,3.62,3.12
31-2021,Physical Therapist Assistants,-0.5308535,-0.5308534935985076,,3.0,3.25,4.0,3.25,2.88,2.25,3.75,3.25,2.38,3.75,3.25
31-2022,Physical Therapist Aides,-0.8823265,-0.882326493893835,,2.0,3.0,3.62,3.0,2.62,2.0,3.25,3.12,1.88,3.0,3.0
31-9011,Massage Therapists,-1.410233,-1.4102329943374117,,3.0,2.75,3.62,3.0,2.38,1.75,2.88,3.0,1.5,3.5,2.75
31-9091,Dental Assistants,-0.5268759,-0.5268758935951654,,3.0,3.12,3.88,3.0,2.5,2.12,3.12,3.25,2.0,3.38,3.0
31-9092,Medical Assistants,0.1497917,0.14979170697340863,,3.0,3.25,3.88,3.62,3.12,2.62,3.5,3.75,2.62,3.88,3.38
31-9093,Medical Equipment Preparers,-0.7308648,-0.7308647937665683,,2.0,3.0,3.25,3.5,2.75,2.25,3.38,3.12,1.88,3.12,2.88
31-9094,Medical Transcriptionists,1.06259,1.062590007740393,,3.0,2.88,4.12,3.0,2.12,1.75,3.12,4.0,1.5,3.0,3.88
31-9095,Pharmacy Aides,-0.1552654,-0.15526539328291747,,2.0,2.88,3.5,3.0,2.5,2.5,2.75,3.25,1.5,3.38,2.75
31-9096,Veterinary Assistants and Laboratory Animal Caretakers,-0.7735824,-0.7735823938024621,,2.0,2.88,3.5,3.25,2.12,2.75,3.12,3.12,2.62,3.0,3.12
31-9097,Phlebotomists,-0.2778475,-0.27784749338591785,,3.0,3.0,3.25,3.25,3.0,2.0,3.12,3.12,2.25,3.5,3.0
31-9099,"Healthcare Support Workers, All Other",0.1660077,0.1660077069870342,,2.5,3.12,3.81,3.25,2.875,2.0,3.25,3.685,1.875,3.435,3.12
33-1011,First-Line Supervisors/Managers of Correctional Officers,-0.5584278,-0.5584277936216772,,3.0,3.25,4.0,4.0,3.12,2.12,4.0,3.75,1.5,3.88,3.5
33-1012,First-Line Supervisors/Managers of Police and Detectives,-0.1923298,-0.19232979331406105,,2.0,3.88,4.0,4.0,3.75,2.38,4.0,4.0,1.5,4.0,3.75
33-1021,First-Line Supervisors/Managers of Fire Fighting and Prevention Workers,-0.593021,-0.5930209936507443,,3.0,3.25,4.0,3.88,3.25,2.5,3.75,3.75,1.88,3.88,3.25
33-1091,First-Line Supervisors of Security Workers,,,,2.0,3.12,4.0,3.88,3.0,2.0,3.75,3.88,1.25,3.88,3.62
33-1099,"First-Line Supervisors of Protective Service Workers, All Other",,,,,,,,,,,,,,
33-2011,Fire Fighters,-1.320232,-1.320231994261788,,2.0,3.62,3.62,3.62,2.88,2.38,3.5,3.0,2.0,3.5,2.62
33-2021,Fire Inspectors and Investigators,0.062793,0.06279300690030742,,3.0,3.12,3.62,3.5,3.0,2.5,3.25,3.38,1.88,3.5,3.5
33-2022,Forest Fire Inspectors and Prevention Specialists,-0.2144127,-0.21441269333261637,,3.0,3.0,3.62,4.0,3.12,2.12,3.38,3.12,1.88,3.75,3.12
33-3011,Bailiffs,-0.5103183,-0.5103182935812528,,3.0,2.75,3.25,3.0,2.12,1.5,3.38,2.88,1.0,3.38,2.25
33-3012,Correctional Officers and Jailers,-0.8875365,-0.8875364938982127,,2.0,3.25,4.0,3.75,3.0,2.0,4.0,3.62,1.38,3.88,3.0
33-3021,Detectives and Criminal Investigators,0.2257696,0.2257696070372495,,3.3333333333333335,3.456666666666667,4.166666666666667,3.956666666666667,2.8766666666666665,2.25,3.2900000000000005,4.0,1.75,4.043333333333333,3.6666666666666665
33-3031,Fish and Game Wardens,-0.4585168,-0.45851679353772634,,3.0,3.0,3.75,3.75,2.62,2.38,3.12,3.75,2.38,3.88,3.12
33-3041,Parking Enforcement Workers,-0.6239931,-0.6239930936767688,,2.0,2.62,3.0,3.0,2.12,1.88,3.12,2.88,1.0,3.12,2.75
33-3051,Police and Sheriff's Patrol Officers,-0.6681123,-0.6681122937138402,,3.0,3.63,4.0600000000000005,3.94,2.685,2.125,3.435,3.815,1.63,3.94,3.37
33-3052,Transit and Railroad Police,-0.8205515,-0.8205514938419282,,3.0,3.25,4.0,3.88,2.88,2.0,3.38,3.12,1.12,4.0,3.25
33-9011,Animal Control Workers,-0.5946321,-0.594632093652098,,2.0,2.88,3.75,3.5,2.75,2.0,3.0,3.0,1.12,3.62,3.0
33-9021,Private Detectives and Investigators,0.7483108,0.748310807476318,,3.0,3.38,4.12,3.88,2.5,2.25,3.38,3.88,1.5,4.0,3.62
33-9031,Gaming Surveillance Officers and Gaming Investigators,0.7283933,0.7283933074595821,,2.0,3.12,3.25,3.75,2.5,2.12,4.12,3.25,1.25,3.62,3.12
33-9032,Security Guards,-0.3908421,-0.3908420934808623,,2.0,2.88,3.75,3.12,2.62,2.0,3.38,3.0,1.5,3.25,2.75
33-9091,Crossing Guards,-0.5699511,-0.5699510936313598,,2.0,2.25,2.88,2.75,1.88,1.62,2.88,2.25,1.0,3.12,2.0
33-9092,"Lifeguards, Ski Patrol, and Other Recreational Protective Service Workers",-0.4718385,-0.47183849354892,,2.0,2.75,3.12,3.0,3.12,1.38,3.75,2.88,1.5,3.5,2.5
33-9093,Transportation Security Screeners,-0.5068558,-0.5068557935783434,,2.0,2.88,3.25,3.25,2.5,1.88,3.38,3.0,1.75,3.38,2.88
33-9094,School Bus Monitors,,,,2.0,2.12,3.0,2.88,2.0,1.62,3.75,2.75,1.0,3.25,2.75
33-9099,"Protective Service Workers, All Other",0.0764088,0.07640880691174817,,2.0,3.25,3.5,3.75,2.88,2.62,3.5,3.25,1.25,3.5,3.12
35-1011,Chefs and Head Cooks,-0.2676433,-0.26764329337734366,,3.0,3.38,3.62,3.75,3.25,3.0,4.0,3.5,1.75,3.88,3.12
35-1012,First-Line Supervisors/Managers of Food Preparation and Serving Workers,-0.2575492,-0.25754919336886206,,2.0,3.0,3.75,3.12,3.12,3.0,3.88,3.25,1.0,3.88,3.0
35-2011,"Cooks, Fast Food",-0.7131837,-0.7131836937517118,,2.0,2.0,3.0,2.62,2.0,1.88,2.62,2.75,1.0,2.88,2.12
35-2012,"Cooks, Institution and Cafeteria",-0.6360813,-0.6360812936869259,,2.0,2.88,3.0,3.0,2.75,2.88,3.12,2.88,1.0,3.12,2.75
35-2013,"Cooks, Private Household",-0.7867444,-0.7867443938135216,,3.0,2.88,3.0,3.25,2.75,2.25,3.0,3.0,1.38,3.0,2.88
35-2014,"Cooks, Restaurant",-0.7418264,-0.741826393775779,,2.0,2.75,2.88,3.0,2.0,2.25,3.0,2.75,1.38,3.0,2.25
35-2015,"Cooks, Short Order",-0.5933817,-0.5933816936510474,,2.0,2.38,3.12,2.88,2.0,2.12,2.88,3.12,1.0,3.0,2.25
35-2019,"Cooks, All Other",,,,,,,,,,,,,,
35-2021,Food Preparation Workers,-1.226416,-1.2264159941829582,,2.0,2.0,3.0,2.75,2.0,2.0,2.5,2.62,1.0,2.88,1.88
35-3011,Bartenders,-0.6159883,-0.6159882936700427,,2.0,3.0,3.75,3.12,2.88,2.25,3.0,3.0,1.0,3.12,2.75
35-3021,"Combined Food Preparation and Serving Workers, Including Fast Food",-0.5305266,-0.530526593598233,,,,,,,,,,,,
35-3022,"Counter Attendants, Cafeteria, Food Concession, and Coffee Shop",-0.4850956,-0.4850955935600593,,,,,,,,,,,,
35-3023,Fast Food and Counter Workers,,,,2.0,2.19,3.19,2.56,2.0,1.94,2.94,2.63,1.0,2.935,2.25
35-3031,Waiters and Waitresses,-0.9481003,-0.9481002939491019,,2.0,2.5,3.5,2.88,2.0,2.12,3.0,2.75,1.0,3.5,2.12
35-3041,"Food Servers, Nonrestaurant",-0.7270206,-0.7270205937633383,,2.0,2.0,3.0,2.88,2.0,2.0,2.75,2.88,1.0,3.0,2.0
35-9011,Dining Room and Cafeteria Attendants and Bartender Helpers,-1.927078,-1.9270779947716938,,2.0,2.12,3.0,2.75,2.0,1.88,2.88,2.38,1.0,2.88,2.0
35-9021,Dishwashers,-1.738612,-1.7386119946133343,,2.0,1.88,2.62,2.5,2.0,1.5,2.5,2.0,1.0,2.5,1.75
35-9031,"Hosts and Hostesses, Restaurant, Lounge, and Coffee Shop",-0.0565477,-0.05654769319996932,,2.0,2.62,3.5,2.75,2.0,1.88,2.88,2.88,1.0,3.12,2.12
35-9099,"Food Preparation and Serving Related Workers, All Other",,,,,,,,,,,,,,
37-1011,First-Line Supervisors/Managers of Housekeeping and Janitorial Workers,-0.5854128,-0.5854127936443514,,2.0,2.88,3.12,3.12,3.12,2.12,3.25,3.0,1.0,3.25,2.88
37-1012,"First-Line Supervisors/Managers of Landscaping, Lawn Service, and Groundskeeping Workers",-0.5548871,-0.554887093618702,,3.0,3.12,3.88,3.75,3.12,2.88,4.0,3.12,1.62,3.75,3.0
37-2011,"Janitors and Cleaners, Except Maids and Housekeeping Cleaners",-1.436201,-1.4362009943592315,,3.0,2.62,3.0,2.75,2.12,1.38,2.75,2.5,1.0,3.0,2.38
37-2012,Maids and Housekeeping Cleaners,-1.480657,-1.4806569943965857,,2.0,2.12,2.75,2.75,2.12,1.88,2.75,2.62,1.0,2.75,2.12
37-2019,"Building Cleaning Workers, All Other",,,,,,,,,,,,,,
37-2021,Pest Control Workers,-0.7255374,-0.725537393762092,,2.0,3.12,3.75,3.75,2.75,2.62,3.62,3.0,2.0,3.62,3.62
37-3011,Landscaping and Groundskeeping Workers,-1.824293,-1.8242929946853281,,2.0,1.88,2.38,2.62,1.75,1.5,2.38,2.0,1.25,2.38,1.75
37-3012,"Pesticide Handlers, Sprayers, and Applicators, Vegetation",-0.8847935,-0.8847934938959079,,2.0,2.5,2.88,2.88,2.0,2.12,2.62,2.88,1.88,2.75,2.5
37-3013,Tree Trimmers and Pruners,-1.727035,-1.7270349946036065,,2.0,2.62,2.88,3.25,2.25,1.88,3.12,2.62,1.75,3.0,2.5
37-3019,"Grounds Maintenance Workers, All Other",,,,,,,,,,,,,,
39-1011,Gaming Supervisors,1.128203,1.1282030077955247,,,,,,,,,,,,
39-1012,Slot Key Persons,-0.1370162,-0.13701619326758346,,,,,,,,,,,,
39-1013,First-Line Supervisors of Gambling Services Workers,,,,2.0,3.0,3.75,3.62,2.75,2.62,3.88,3.62,1.25,3.75,3.38
39-1014,"First-Line Supervisors of Entertainment and Recreation Workers, Except Gambling Services",,,,2.0,3.0,3.38,3.38,3.0,2.5,3.38,3.38,1.12,3.5,3.25
39-1021,First-Line Supervisors/Managers of Personal Service Workers,0.4303075,0.4303075072091137,,,,,,,,,,,,
39-1022,First-Line Supervisors of Personal Service Workers,,,,3.0,3.12,3.88,3.88,3.12,2.12,3.25,3.62,1.38,3.75,3.25
39-2011,Animal Trainers,-0.9167759,-0.9167758939227814,,2.0,3.25,3.12,3.38,3.5,1.88,3.12,2.88,1.75,3.5,2.88
39-2021,Nonfarm Animal Caretakers,-0.8890408,-0.8890407938994767,,2.0,2.38,3.0,2.75,2.0,2.0,3.12,3.0,1.5,2.88,2.75
39-3011,Gaming Dealers,0.0605832,0.06058320689845063,,2.0,2.25,3.38,2.75,2.0,2.75,3.0,3.0,1.0,3.38,2.25
39-3012,Gaming and Sports Book Writers and Runners,0.4652752,0.4652752072384955,,2.0,2.62,3.5,2.88,2.25,3.0,3.12,2.75,1.25,3.12,2.88
39-3019,"Gambling Service Workers, All Other",,,,,,,,,,,,,,
39-3021,Motion Picture Projectionists,-0.3786598,-0.378659793470626,,2.0,2.12,3.0,2.88,2.0,1.5,2.88,3.0,1.0,3.0,2.12
39-3031,"Ushers, Lobby Attendants, and Ticket Takers",-0.2420959,-0.24209589335587733,,2.0,2.5,3.12,2.75,1.88,1.75,2.75,2.75,1.0,3.12,2.0
39-3091,Amusement and Recreation Attendants,-0.5246153,-0.524615293593266,,2.0,2.38,3.0,2.75,2.12,2.0,2.88,2.38,1.0,3.25,2.5
39-3092,Costume Attendants,-0.4533608,-0.453360793533394,,2.0,2.5,3.12,2.88,1.88,1.5,3.12,2.88,1.0,3.12,2.5
39-3093,"Locker Room, Coatroom, and Dressing Room Attendants",-0.3454376,-0.34543759344271086,,2.0,1.88,3.38,2.38,1.5,1.62,2.5,2.75,1.0,3.38,2.38
39-3099,"Entertainment Attendants and Related Workers, All Other",,,,,,,,,,,,,,
39-4011,Embalmers,-0.7311451,-0.7311450937668039,,3.0,3.0,3.75,3.12,2.12,2.0,3.0,3.0,2.62,3.88,3.12
39-4012,Crematory Operators,,,,2.0,,,,,,,,,,
39-4021,Funeral Attendants,-0.5445412,-0.5445411936100089,,2.0,2.0,3.12,2.62,2.0,1.75,3.0,2.75,1.25,3.0,2.25
39-4031,"Morticians, Undertakers, and Funeral Directors",-0.1903759,-0.19037589331241928,,3.0,3.0,4.12,3.12,2.75,2.75,3.0,3.25,1.75,3.75,3.25
39-5011,Barbers,-0.7294621,-0.7294620937653897,,3.0,2.62,3.25,2.62,2.25,1.88,2.75,2.75,1.12,3.12,2.25
39-5012,"Hairdressers, Hairstylists, and Cosmetologists",-0.6824517,-0.682451693725889,,3.0,3.25,3.88,3.38,2.88,2.38,3.0,3.0,1.62,3.75,2.88
39-5091,"Makeup Artists, Theatrical and Performance",-0.4596138,-0.4596137935386481,,3.0,3.12,3.5,3.25,2.75,2.12,3.12,3.62,1.5,3.75,2.88
39-5092,Manicurists and Pedicurists,0.0335124,0.03351240687570422,,2.0,2.75,3.0,2.5,2.12,1.88,2.62,2.75,1.0,3.0,2.12
39-5093,Shampooers,-0.905371,-0.9053709939131983,,2.0,2.25,3.12,2.5,2.0,1.62,2.75,2.5,1.0,3.25,2.38
39-5094,Skin Care Specialists,-0.2628396,-0.26283959337330737,,3.0,3.0,3.5,3.12,2.75,2.0,3.25,3.12,1.38,3.75,2.88
39-6011,Baggage Porters and Bellhops,-1.272015,-1.272014994221273,,2.0,2.25,3.62,3.0,2.25,2.0,2.88,2.88,1.0,3.62,2.75
39-6012,Concierges,0.855832,0.8558320075666633,,2.0,2.88,4.0,3.0,2.0,2.0,3.0,3.0,1.0,4.0,2.75
39-7011,Tour Guides and Escorts,0.357096,0.3570960071475973,,3.0,2.25,3.25,2.88,2.25,2.0,3.0,3.0,1.0,3.88,2.25
39-7012,Travel Guides,0.6083829,0.6083829073587426,,2.0,3.12,3.88,3.12,2.75,2.5,3.0,3.25,1.0,4.0,3.12
39-9011,Child Care Workers,-0.3834794,-0.38347939347467574,,2.0,3.0,3.5,3.37,3.125,1.87,3.69,3.0,1.37,3.435,3.0
39-9021,Personal and Home Care Aides,-0.5737774,-0.5737773936345747,,,,,,,,,,,,
39-9031,Fitness Trainers and Aerobics Instructors,-2.111948,-2.111947994927032,,3.0,3.0,3.25,3.0,3.12,1.75,3.0,3.0,1.75,3.62,2.62
39-9032,Recreation Workers,-0.2441154,-0.24411539335757423,,4.0,3.12,4.0,3.25,3.12,2.12,3.75,3.12,1.62,4.0,3.12
39-9041,Residential Advisors,0.4746119,0.4746119072463407,,3.0,3.0,3.88,3.62,2.75,2.0,3.75,3.12,1.38,3.75,3.0
39-9099,"Personal Care and Service Workers, All Other",,,,,,,,,,,,,,
41-1011,First-Line Supervisors/Managers of Retail Sales Workers,0.0191826,0.01918260686366352,,2.0,3.0,3.88,3.5,3.0,2.75,3.5,3.0,1.0,3.75,3.0
41-1012,First-Line Supervisors/Managers of Non-Retail Sales Workers,1.316195,1.316195007953486,,4.0,3.5,4.0,3.62,3.25,3.0,4.0,3.62,1.0,4.0,3.62
41-2011,Cashiers,-0.2480887,-0.2480886933609128,,2.0,2.0,3.0,2.75,2.0,2.62,2.62,2.75,1.25,3.0,2.12
41-2012,Gaming Change Persons and Booth Cashiers,-0.0500926,-0.05009259319454539,,2.0,2.0,3.0,2.88,2.0,2.88,2.88,3.12,1.0,3.0,2.75
41-2021,Counter and Rental Clerks,0.0784367,0.07843670691345213,,2.0,2.75,3.75,3.12,2.12,2.25,3.0,3.25,1.0,3.38,3.0
41-2022,Parts Salespersons,-0.1184909,-0.11849089325201748,,2.0,2.88,4.0,3.25,2.38,2.75,3.12,3.62,1.0,4.0,3.0
41-2031,Retail Salespersons,0.0873069,0.08730690692090538,,2.0,3.0,3.75,3.12,2.62,2.62,3.0,3.0,1.0,3.75,3.0
41-3011,Advertising Sales Agents,1.162588,1.1625880078244168,,3.0,3.0,4.0,3.25,2.75,2.88,3.12,3.62,1.0,4.12,3.25
41-3021,Insurance Sales Agents,1.341258,1.3412580079745455,,4.0,3.0,3.88,3.75,2.75,3.0,2.88,4.0,1.12,3.88,3.62
41-3031,"Securities, Commodities, and Financial Services Sales Agents",1.256298,1.2562980079031572,,4.0,3.5,3.75,3.75,2.62,3.12,3.62,3.5,1.25,3.5,3.38
41-3041,Travel Agents,1.133598,1.133598007800058,,3.0,3.12,4.12,3.12,2.5,2.88,3.0,4.0,1.25,4.0,3.12
41-3091,"Sales Representatives of Services, Except Advertising, Insurance, Financial Services, and Travel",,,,2.0,3.38,3.88,3.38,2.38,2.62,3.12,3.62,1.0,3.88,3.38
41-3099,"Sales Representatives, Services, All Other",1.302674,1.302674007942125,,,,,,,,,,,,
41-4011,"Sales Representatives, Wholesale and Manufacturing, Technical and Scientific Products",0.8911985,0.8911985075963802,,3.5,3.31,3.81,3.44,2.75,2.815,3.06,3.685,1.44,4.125,3.25
41-4012,"Sales Representatives, Wholesale and Manufacturing, Except Technical and Scientific Products",0.8224681,0.8224681075386291,,4.0,3.12,4.0,3.5,2.25,2.25,3.12,3.38,1.0,4.0,3.25
41-9011,Demonstrators and Product Promoters,0.1235652,0.12356520695137163,,2.0,2.88,3.88,3.0,2.75,2.12,3.0,3.25,1.0,3.88,3.0
41-9012,Models,-1.122021,-1.1220209940952397,,2.0,1.88,2.75,2.62,1.12,1.25,1.88,2.5,1.0,2.75,2.0
41-9021,Real Estate Brokers,1.149681,1.1496810078135715,,4.0,4.0,4.0,3.88,2.12,3.0,3.0,4.0,1.0,4.0,3.38
41-9022,Real Estate Sales Agents,0.8649445,0.8649445075743201,,2.0,3.25,4.0,3.62,2.5,3.0,3.0,3.38,1.0,4.0,3.25
41-9031,Sales Engineers,1.145416,1.145416007809988,,4.0,3.75,4.0,4.0,3.0,3.0,2.88,4.0,2.12,4.12,3.75
41-9041,Telemarketers,1.118129,1.1181290077870598,,2.0,2.0,4.0,3.0,1.5,1.38,2.25,3.25,1.0,4.12,2.5
41-9091,"Door-To-Door Sales Workers, News and Street Vendors, and Related Workers",1.107101,1.1071010077777934,,2.0,2.62,3.38,2.88,2.25,1.88,2.75,3.0,1.0,4.0,2.88
41-9099,"Sales and Related Workers, All Other",,,,,,,,,,,,,,
43-1011,First-Line Supervisors/Managers of Office and Administrative Support Workers,1.038688,1.0386880077203091,,3.0,3.75,4.0,3.88,3.62,2.75,4.0,4.0,1.0,4.0,3.75
43-2011,"Switchboard Operators, Including Answering Service",0.9832644,0.9832644076737391,,2.0,2.5,4.0,2.75,2.0,1.88,2.88,3.0,1.0,3.88,2.75
43-2021,Telephone Operators,1.019712,1.0197120077043644,,2.0,2.25,4.0,3.0,2.0,1.88,2.75,3.0,1.0,4.0,2.25
43-2099,"Communications Equipment Operators, All Other",,,,,,,,,,,,,,
43-3011,Bill and Account Collectors,1.271991,1.2719910079163435,,2.0,2.88,3.88,3.12,2.12,2.62,3.0,3.12,1.0,3.88,3.25
43-3021,Billing and Posting Clerks and Machine Operators,1.333455,1.333455007967989,,2.0,2.62,3.0,3.0,2.12,3.0,3.0,3.75,1.0,3.12,3.0
43-3031,"Bookkeeping, Accounting, and Auditing Clerks",1.039749,1.0397490077212006,,3.0,2.75,3.25,3.25,2.0,3.38,3.0,3.25,1.12,3.12,3.12
43-3041,Gaming Cage Workers,0.4026518,0.40265180718587584,,2.0,2.38,3.25,3.0,2.38,3.25,3.0,3.0,1.0,3.5,3.0
43-3051,Payroll and Timekeeping Clerks,1.257632,1.2576320079042782,,3.0,2.75,3.75,3.12,2.25,3.25,3.0,3.88,1.0,3.12,3.12
43-3061,Procurement Clerks,1.487838,1.48783800809771,,2.0,3.25,3.88,3.75,2.38,3.0,3.62,4.0,1.0,4.0,3.62
43-3071,Tellers,0.4727723,0.47277230724479496,,2.0,2.88,3.5,3.12,2.25,3.0,3.12,3.12,1.0,3.25,3.0
43-3099,"Financial Clerks, All Other",,,,,,,,,,,,,,
43-4011,Brokerage Clerks,1.144877,1.144877007809535,,3.0,3.0,3.88,3.38,2.62,3.0,3.12,3.75,1.0,3.88,3.12
43-4021,Correspondence Clerks,1.149758,1.1497580078136365,,2.0,2.75,3.75,3.38,2.62,2.75,2.88,3.75,1.25,3.5,4.0
43-4031,"Court, Municipal, and License Clerks",1.166267,1.1662670078275081,,2.0,2.75,3.88,3.12,2.38,2.12,3.0,3.25,1.0,3.75,3.12
43-4041,"Credit Authorizers, Checkers, and Clerks",1.440296,1.4402960080577627,,2.0,2.62,3.62,3.25,2.5,2.5,3.0,3.62,1.12,3.62,3.12
43-4051,Customer Service Representatives,0.9562519,0.9562519076510417,,2.0,2.88,4.0,3.25,2.62,2.25,3.0,3.38,1.0,3.88,3.0
43-4061,"Eligibility Interviewers, Government Programs",1.226286,1.2262860078779394,,3.0,3.12,4.0,3.5,2.5,2.25,3.12,3.88,1.25,4.25,3.75
43-4071,File Clerks,0.2839743,0.28397430708615634,,2.0,2.88,3.38,3.0,2.25,2.12,3.12,3.88,1.0,3.25,3.12
43-4081,"Hotel, Motel, and Resort Desk Clerks",0.6063127,0.6063127073570032,,2.0,2.75,3.38,2.88,2.62,2.62,3.0,3.0,1.0,3.75,2.88
43-4111,"Interviewers, Except Eligibility and Loan",1.297031,1.2970310079373835,,3.0,2.88,4.0,3.25,2.88,2.25,3.0,3.5,1.0,3.88,3.25
43-4121,"Library Assistants, Clerical",0.2038919,0.20389190701886664,,2.0,2.25,3.25,3.0,2.5,2.12,2.88,3.25,1.0,3.0,3.0
43-4131,Loan Interviewers and Clerks,1.364395,1.3643950079939864,,3.0,3.38,4.12,3.75,2.62,3.12,3.0,3.88,1.12,4.0,3.62
43-4141,New Accounts Clerks,1.174998,1.1749980078348443,,3.0,2.75,4.0,3.12,2.5,2.88,3.12,3.5,1.0,4.0,3.0
43-4151,Order Clerks,0.8388861,0.8388861075524243,,2.0,3.0,4.0,3.12,2.38,3.0,3.12,3.5,1.0,3.88,3.12
43-4161,"Human Resources Assistants, Except Payroll and Timekeeping",1.353098,1.3530980079844939,,3.0,3.0,4.0,3.38,2.5,2.0,3.38,4.0,1.12,3.75,3.5
43-4171,Receptionists and Information Clerks,1.013186,1.0131860076988808,,2.0,2.75,3.75,3.12,2.12,2.0,2.88,3.12,1.0,3.88,3.0
43-4181,Reservation and Transportation Ticket Agents and Travel Clerks,0.227312,0.2273120070385455,,2.0,3.0,4.0,3.38,2.62,2.62,3.0,3.5,1.0,4.0,3.12
43-4199,"Information and Record Clerks, All Other",,,,,,,,,,,,,,
43-5011,Cargo and Freight Agents,1.405415,1.4054150080284538,,2.0,2.935,3.44,3.315,2.375,2.625,3.25,3.5,1.0,3.435,3.125
43-5021,Couriers and Messengers,-0.9591126,-0.959112593958355,,2.0,2.62,3.25,3.0,2.12,2.5,2.75,3.0,1.12,3.25,3.0
43-5031,"Police, Fire, and Ambulance Dispatchers",0.9074452,0.9074452076100316,,2.0,3.12,4.38,3.75,2.75,2.0,3.12,3.62,1.38,4.12,3.0
43-5032,"Dispatchers, Except Police, Fire, and Ambulance",1.234523,1.2345230078848608,,2.0,3.0,4.0,3.12,2.75,2.12,3.88,3.75,1.12,4.0,3.12
43-5041,"Meter Readers, Utilities",-0.9723772,-0.9723771939695007,,2.0,2.5,2.88,3.0,2.0,2.0,2.62,2.88,1.12,3.0,2.38
43-5051,Postal Service Clerks,-0.5186997,-0.5186996935882954,,2.0,2.62,3.38,3.0,2.12,2.75,3.0,3.12,1.0,3.25,2.88
43-5052,Postal Service Mail Carriers,-1.064715,-1.0647149940470881,,2.0,2.0,3.0,3.0,1.75,1.62,2.62,2.62,1.0,3.0,2.12
43-5053,"Postal Service Mail Sorters, Processors, and Processing Machine Operators",-1.185001,-1.1850009941481592,,2.0,2.12,2.88,3.0,2.12,2.0,3.12,3.0,1.0,3.0,2.25
43-5061,"Production, Planning, and Expediting Clerks",0.6999103,0.6999103074356491,,2.0,2.75,3.5,3.38,2.38,2.62,3.12,3.62,1.12,3.62,3.12
43-5071,"Shipping, Receiving, and Traffic Clerks",-0.7463213,-0.7463212937795558,,2.0,2.38,3.12,3.0,2.12,2.25,3.0,3.12,1.0,3.25,2.62
43-5081,Stock Clerks and Order Fillers,-0.7892948,-0.7892947938156645,,,,,,,,,,,,
43-5111,"Weighers, Measurers, Checkers, and Samplers, Recordkeeping",-0.1860789,-0.1860788933088087,,2.0,2.75,3.0,3.38,2.75,2.88,3.12,3.25,1.5,3.12,2.88
43-6011,Executive Secretaries and Administrative Assistants,1.079643,1.0796430077547217,,3.0,3.12,4.0,3.25,2.88,2.75,3.12,4.0,1.38,3.88,3.75
43-6012,Legal Secretaries,1.014541,1.0145410077000194,,3.0,2.75,4.0,3.0,2.25,2.12,3.0,4.0,1.0,3.75,3.88
43-6013,Medical Secretaries,1.217982,1.217982007870962,,2.0,2.25,3.88,3.12,2.12,2.12,3.0,3.5,1.12,4.0,3.12
43-6014,"Secretaries, Except Legal, Medical, and Executive",1.099056,1.0990560077710336,,2.0,2.88,4.0,3.0,2.12,2.0,3.12,3.88,1.0,4.0,3.75
43-9011,Computer Operators,0.7040519,0.704051907439129,,,,,,,,,,,,
43-9021,Data Entry Keyers,0.3108081,0.3108081071087036,,2.0,2.75,3.38,2.88,2.12,2.0,3.25,3.62,1.0,2.88,3.0
43-9022,Word Processors and Typists,0.6219606,0.6219606073701514,,2.0,2.12,3.38,2.88,1.88,2.12,3.0,3.75,1.0,3.0,3.25
43-9031,Desktop Publishers,0.3437743,0.3437743071364036,,3.0,3.0,3.5,3.75,2.88,2.0,3.0,3.75,1.0,3.5,3.12
43-9041,Insurance Claims and Policy Processing Clerks,1.240201,1.2402010078896317,,2.0,2.62,3.25,3.25,2.62,2.38,3.0,3.5,1.12,3.38,3.12
43-9051,"Mail Clerks and Mail Machine Operators, Except Postal Service",-0.8184676,-0.8184675938401771,,2.0,2.25,2.88,3.0,2.12,2.25,3.0,3.0,1.12,3.0,2.88
43-9061,"Office Clerks, General",0.9888986,0.9888986076784733,,2.0,2.75,3.75,3.0,2.12,2.12,2.88,3.75,1.0,3.62,3.12
43-9071,"Office Machine Operators, Except Computer",-0.5171404,-0.5171403935869852,,2.0,2.75,3.0,3.0,2.0,2.5,3.0,3.12,1.0,3.0,2.88
43-9081,Proofreaders and Copy Markers,1.288375,1.2883750079301102,,4.0,2.5,3.12,3.0,2.0,1.88,2.88,4.25,1.12,3.25,3.62
43-9111,Statistical Assistants,1.389965,1.3899650080154717,,4.0,3.62,3.38,3.75,2.88,4.38,3.0,3.75,2.12,3.38,3.5
43-9199,"Office and Administrative Support Workers, All Other",,,,,,,,,,,,,,
45-1011,"First-Line Supervisors/Managers of Farming, Fishing, and Forestry Workers",-0.4791843,-0.47918429355509234,,3.0,3.0,3.38,3.75,3.25,2.88,3.62,3.5,2.25,3.62,3.12
45-2011,Agricultural Inspectors,0.1704867,0.1704867069907977,,2.0,3.25,3.75,3.62,2.88,2.62,3.75,3.75,2.75,3.5,3.12
45-2021,Animal Breeders,-1.044292,-1.0442919940299276,,2.0,3.0,3.0,3.25,2.12,2.12,3.0,2.88,3.0,3.0,2.75
45-2041,"Graders and Sorters, Agricultural Products",-1.370968,-1.370967994304419,,2.0,2.12,2.75,2.5,1.62,1.62,2.88,2.25,1.25,2.75,2.25
45-2091,Agricultural Equipment Operators,-1.145156,-1.1451559941146792,,2.0,2.25,3.0,2.88,1.75,1.88,2.75,2.25,1.62,2.75,2.12
45-2092,"Farmworkers and Laborers, Crop, Nursery, and Greenhouse",-1.601349,-1.601348994497998,,2.0,2.62,2.88,2.75,2.5,2.12,2.75,2.75,1.25,3.0,2.75
45-2093,"Farmworkers, Farm and Ranch Animals",-1.108432,-1.1084319940838216,,2.0,2.88,3.12,3.38,2.12,2.12,3.25,3.0,1.88,3.0,2.62
45-2099,"Agricultural Workers, All Other",,,,,,,,,,,,,,
45-3011,Fishers and Related Fishing Workers,-1.513249,-1.5132489944239715,,,,,,,,,,,,
45-3021,Hunters and Trappers,-1.304797,-1.3047969942488185,,,,,,,,,,,,
45-3031,Fishing and Hunting Workers,,,,2.0,2.5,2.75,3.12,2.75,2.12,2.88,2.75,1.62,3.0,2.25
45-4011,Forest and Conservation Workers,-1.064205,-1.0642049940466596,,2.0,3.0,3.0,3.12,2.62,2.12,3.12,3.0,2.0,3.0,2.62
45-4021,Fallers,-1.795407,-1.7954069946610565,,2.0,2.25,2.62,3.0,1.75,2.25,3.0,2.0,1.62,2.62,2.0
45-4022,Logging Equipment Operators,-1.003702,-1.0037019939958216,,2.0,2.25,3.0,2.88,2.25,2.38,3.0,2.5,1.5,2.75,2.75
45-4023,Log Graders and Scalers,-0.4768305,-0.4768304935531145,,2.0,3.0,3.25,3.25,2.38,2.75,3.0,2.88,1.75,3.12,3.0
45-4029,"Logging Workers, All Other",,,,,,,,,,,,,,
47-1011,First-Line Supervisors/Managers of Construction Trades and Extraction Workers,-0.3054048,-0.305404793409073,,3.0,3.0,3.625,3.56,3.06,2.75,3.565,3.5,1.75,3.685,3.0
47-2011,Boilermakers,-1.097532,-1.0975319940746626,,2.0,3.0,3.0,3.5,2.75,2.12,3.0,3.0,1.75,3.0,2.62
47-2021,Brickmasons and Blockmasons,-1.75434,-1.7543399946265497,,2.0,2.88,3.0,3.12,2.12,2.88,3.0,2.75,1.75,3.0,2.25
47-2022,Stonemasons,-1.714759,-1.7147589945932915,,2.0,2.75,3.0,3.5,2.62,3.0,3.0,3.0,1.62,3.0,2.62
47-2031,Carpenters,-1.323631,-1.3236309942646438,,2.0,3.0,3.38,3.38,2.75,3.0,3.38,3.12,1.38,3.12,2.88
47-2041,Carpet Installers,-1.564577,-1.5645769944671002,,2.0,2.62,2.88,3.0,2.38,3.0,3.12,2.62,1.0,2.88,2.0
47-2042,"Floor Layers, Except Carpet, Wood, and Hard Tiles",-1.301024,-1.301023994245648,,2.0,2.75,3.12,2.88,2.12,2.12,2.88,2.38,1.25,3.12,2.38
47-2043,Floor Sanders and Finishers,-1.748722,-1.7487219946218293,,2.0,2.62,3.0,2.75,2.12,2.0,2.88,2.62,1.12,2.75,2.12
47-2044,Tile and Marble Setters,-1.22543,-1.2254299941821298,,2.0,2.38,3.12,3.0,2.12,3.0,2.75,2.88,1.12,3.0,2.0
47-2051,Cement Masons and Concrete Finishers,-1.777407,-1.7774069946459319,,2.0,2.12,3.0,3.0,2.38,2.62,3.25,2.38,1.25,3.12,2.0
47-2053,Terrazzo Workers and Finishers,-1.776065,-1.7760649946448042,,2.0,2.38,2.5,2.62,2.12,2.38,2.75,2.12,1.62,2.88,1.88
47-2061,Construction Laborers,-1.622988,-1.6229879945161805,,2.0,2.12,3.12,2.75,2.12,2.0,2.62,2.75,1.5,3.25,2.25
47-2071,"Paving, Surfacing, and Tamping Equipment Operators",-1.184739,-1.184738994147939,,2.0,2.62,2.88,3.0,2.25,2.0,3.25,2.5,1.12,2.88,1.88
47-2072,Pile-Driver Operators,-1.220009,-1.2200089941775747,,2.0,2.0,3.0,2.88,1.88,2.12,3.25,2.5,1.38,2.75,2.25
47-2073,Operating Engineers and Other Construction Equipment Operators,-0.8815078,-0.881507793893147,,2.0,2.88,3.0,2.88,2.12,2.0,3.12,2.88,1.5,2.88,2.0
47-2081,Drywall and Ceiling Tile Installers,-1.647971,-1.6479709945371726,,2.0,2.12,2.75,3.0,2.0,2.25,2.88,2.75,1.12,2.88,2.12
47-2082,Tapers,-1.540774,-1.5407739944470997,,2.0,1.88,2.75,2.5,2.0,1.62,2.88,2.12,1.0,2.62,1.88
47-2111,Electricians,-0.7796905,-0.7796904938075945,,3.0,3.25,3.38,3.38,3.0,3.0,3.12,3.12,2.0,3.38,3.0
47-2121,Glaziers,-1.388901,-1.3889009943194872,,2.0,2.25,2.88,3.0,2.12,2.0,2.75,3.0,1.5,3.0,2.25
47-2131,"Insulation Workers, Floor, Ceiling, and Wall",-1.618772,-1.618771994512638,,2.0,2.62,3.0,3.0,2.12,2.25,2.88,2.62,1.0,3.0,2.12
47-2132,"Insulation Workers, Mechanical",-1.268615,-1.2686149942184164,,2.0,2.75,3.0,3.0,2.12,2.12,3.0,2.75,1.38,2.88,2.0
47-2141,"Painters, Construction and Maintenance",-1.58799,-1.587989994486773,,2.0,2.0,3.0,3.0,2.0,2.0,2.88,2.75,1.5,2.38,2.0
47-2142,Paperhangers,-1.72753,-1.7275299946040223,,2.0,2.0,3.0,2.88,2.0,2.0,2.75,2.38,1.25,3.0,2.0
47-2151,Pipelayers,-1.225611,-1.225610994182282,,2.0,2.0,3.0,3.0,2.12,2.0,2.62,2.88,1.0,3.0,2.0
47-2152,"Plumbers, Pipefitters, and Steamfitters",-1.121219,-1.1212189940945658,,3.0,2.81,3.065,3.375,2.44,2.56,3.185,3.13,1.625,3.125,2.815
47-2161,Plasterers and Stucco Masons,-1.755588,-1.7555879946275983,,2.0,2.75,3.0,2.75,2.62,2.0,2.88,2.75,1.12,2.88,2.12
47-2171,Reinforcing Iron and Rebar Workers,-1.970997,-1.970996994808597,,2.0,2.38,2.62,3.0,2.25,2.38,2.88,2.62,1.25,2.62,1.88
47-2181,Roofers,-1.752941,-1.7529409946253742,,2.0,2.75,2.88,3.0,2.12,2.25,3.0,2.62,1.12,2.88,2.0
47-2211,Sheet Metal Workers,-1.174972,-1.174971994139732,,2.0,2.88,3.0,3.12,2.5,3.0,3.12,3.12,1.62,3.0,2.25
47-2221,Structural Iron and Steel Workers,-1.780065,-1.7800649946481653,,2.0,2.88,3.0,3.0,2.75,2.12,3.0,2.88,1.0,2.88,2.0
47-2231,Solar Photovoltaic Installers,-0.9441692,-0.9441691939457988,,2.0,3.0,3.12,3.25,2.62,2.62,3.12,3.0,1.88,2.88,2.25
47-3011,"Helpers--Brickmasons, Blockmasons, Stonemasons, and Tile and Marble Setters",-1.94229,-1.9422899947844758,,2.0,2.38,2.88,3.0,2.25,2.25,3.0,2.38,1.25,2.75,2.0
47-3012,Helpers--Carpenters,-1.425282,-1.4252819943500565,,2.0,2.88,3.0,3.0,2.12,2.38,3.0,2.88,1.0,3.0,2.25
47-3013,Helpers--Electricians,-1.506896,-1.5068959944186333,,2.0,2.88,3.25,3.12,2.25,2.12,2.75,2.5,1.88,3.12,2.38
47-3014,"Helpers--Painters, Paperhangers, Plasterers, and Stucco Masons",-2.04484,-2.044839994870644,,2.0,2.38,2.88,2.75,2.25,1.12,2.75,2.12,1.12,3.0,2.0
47-3015,"Helpers--Pipelayers, Plumbers, Pipefitters, and Steamfitters",-1.678876,-1.6788759945631406,,2.0,2.62,2.88,2.88,2.0,2.25,2.88,2.38,1.12,2.5,2.0
47-3016,Helpers--Roofers,-1.89822,-1.8982199947474456,,2.0,2.5,3.0,2.62,2.0,2.0,2.75,2.12,1.0,2.62,2.0
47-3019,"Helpers, Construction Trades, All Other",,,,,,,,,,,,,,
47-4011,Construction and Building Inspectors,0.2860245,0.286024507087879,,3.0,3.12,3.75,3.815,3.0,3.19,3.19,3.94,2.625,3.815,3.37
47-4021,Elevator Installers and Repairers,-0.8604742,-0.8604741938754734,,3.0,3.12,3.38,3.62,2.38,2.25,3.12,3.12,1.88,3.0,2.75
47-4031,Fence Erectors,-1.902113,-1.9021129947507167,,2.0,2.25,3.0,3.0,2.25,2.25,3.0,2.5,1.12,3.0,2.0
47-4041,Hazardous Materials Removal Workers,-0.6887439,-0.6887438937311761,,2.0,2.88,3.12,3.25,2.12,2.0,3.5,3.0,1.75,3.0,2.62
47-4051,Highway Maintenance Workers,-1.27909,-1.279089994227218,,2.0,2.38,3.0,2.88,2.0,2.12,3.12,2.75,1.0,3.0,2.12
47-4061,Rail-Track Laying and Maintenance Equipment Operators,-1.39906,-1.3990599943280235,,2.0,2.5,3.0,2.75,2.5,2.0,3.0,2.25,1.12,2.62,2.12
47-4071,Septic Tank Servicers and Sewer Pipe Cleaners,-1.210591,-1.2105909941696613,,2.0,2.75,3.0,3.12,2.62,2.38,2.88,2.75,1.25,2.75,2.5
47-4091,Segmental Pavers,-0.9827304,-0.9827303939782001,,2.0,2.62,3.5,3.25,2.38,2.0,2.88,2.75,1.12,3.5,2.62
47-4099,"Construction and Related Workers, All Other",-0.8728439,-0.8728438938858673,,2.0,2.88,3.12,3.25,2.75,2.75,3.38,3.0,2.0,3.12,2.88
47-5011,"Derrick Operators, Oil and Gas",-1.415002,-1.415001994341419,,2.0,2.75,3.25,3.5,2.75,2.38,3.38,2.88,1.25,3.38,2.75
47-5012,"Rotary Drill Operators, Oil and Gas",-0.7737326,-0.7737325938025883,,2.0,2.88,3.38,3.62,3.0,2.38,3.5,3.12,1.25,3.25,3.0
47-5013,"Service Unit Operators, Oil, Gas, and Mining",-0.971916,-0.9719159939691131,,2.0,3.0,3.38,3.75,2.88,2.75,3.62,3.0,1.38,3.0,3.0
47-5021,"Earth Drillers, Except Oil and Gas",-0.7018391,-0.7018390937421795,,,,,,,,,,,,
47-5022,"Excavating and Loading Machine and Dragline Operators, Surface Mining",,,,2.0,3.0,3.0,3.0,2.38,2.25,3.12,3.0,1.0,3.0,2.5
47-5023,"Earth Drillers, Except Oil and Gas",,,,2.0,2.75,3.0,3.25,2.25,2.25,3.12,2.75,1.62,3.0,2.38
47-5031,"Explosives Workers, Ordnance Handling Experts, and Blasters",-0.773027,-0.7730269938019955,,,,,,,,,,,,
47-5032,"Explosives Workers, Ordnance Handling Experts, and Blasters",,,,2.0,3.12,3.88,3.62,3.0,2.5,3.75,3.12,1.88,3.38,2.88
47-5041,Continuous Mining Machine Operators,-1.165492,-1.1654919941317665,,2.0,2.75,3.0,3.25,2.38,2.0,3.0,2.75,1.38,3.0,2.12
47-5042,Mine Cutting and Channeling Machine Operators,-1.200425,-1.2004249941611194,,,,,,,,,,,,
47-5043,"Roof Bolters, Mining",,,,2.0,2.88,3.12,3.38,2.25,2.12,3.25,2.38,1.5,3.0,2.12
47-5044,"Loading and Moving Machine Operators, Underground Mining",,,,2.0,2.12,3.0,3.0,2.12,2.0,2.88,2.88,1.0,3.0,2.0
47-5049,"Underground Mining Machine Operators, All Other",,,,,,,,,,,,,,
47-5051,"Rock Splitters, Quarry",-1.763494,-1.7634939946342412,,2.0,2.12,3.0,2.75,2.0,1.88,2.88,2.75,1.12,2.62,2.12
47-5061,"Roof Bolters, Mining",-1.618518,-1.6185179945124244,,,,,,,,,,,,
47-5071,"Roustabouts, Oil and Gas",-1.518977,-1.5189769944287845,,2.0,2.5,2.88,3.12,2.25,2.0,3.0,2.12,1.0,2.75,2.12
47-5081,Helpers--Extraction Workers,-1.543154,-1.5431539944490993,,2.0,2.88,3.0,3.12,2.62,2.5,3.75,2.75,1.38,2.88,2.38
47-5099,"Extraction Workers, All Other",,,,,,,,,,,,,,
49-1011,"First-Line Supervisors/Managers of Mechanics, Installers, and Repairers",-0.0205169,-0.02051689316969423,,3.0,3.25,3.62,3.75,3.12,2.88,4.0,3.62,1.75,3.75,3.0
49-2011,"Computer, Automated Teller, and Office Machine Repairers",-0.3458247,-0.34582469344303607,,2.0,3.0,3.62,3.5,2.62,1.88,3.0,3.12,1.88,3.25,3.0
49-2021,Radio Mechanics,-0.6335382,-0.6335381936847891,,3.0,3.0,3.25,3.25,2.62,2.75,3.12,3.25,1.75,3.25,3.0
49-2022,"Telecommunications Equipment Installers and Repairers, Except Line Installers",-0.853048,-0.8530479938692336,,3.0,3.0,3.5,3.75,2.75,2.12,3.5,3.5,1.88,3.0,2.88
49-2091,Avionics Technicians,-0.1728535,-0.17285349329769598,,3.0,3.0,3.38,3.75,2.62,2.12,3.12,3.25,2.88,3.38,3.25
49-2092,"Electric Motor, Power Tool, and Related Repairers",-0.8106341,-0.8106340938335951,,3.0,2.88,3.12,3.75,2.75,2.62,2.88,3.0,2.12,3.0,2.88
49-2093,"Electrical and Electronics Installers and Repairers, Transportation Equipment",-0.8303875,-0.830387493850193,,3.0,2.25,3.38,3.62,2.12,2.12,3.12,3.12,2.12,3.0,3.0
49-2094,"Electrical and Electronics Repairers, Commercial and Industrial Equipment",-0.4632031,-0.463203093541664,,3.0,3.0,3.12,3.75,2.88,2.75,3.12,3.12,2.75,3.12,3.0
49-2095,"Electrical and Electronics Repairers, Powerhouse, Substation, and Relay",-0.5522636,-0.5522635936164976,,3.0,2.88,3.12,3.75,2.25,2.25,3.0,3.38,2.62,3.12,2.88
49-2096,"Electronic Equipment Installers and Repairers, Motor Vehicles",-0.7915968,-0.7915967938175988,,3.0,2.75,3.38,3.5,2.5,2.25,2.88,3.12,1.88,3.0,2.88
49-2097,Electronic Home Entertainment Equipment Installers and Repairers,-0.571284,-0.5712839936324796,,3.0,2.88,3.12,3.12,2.62,2.25,2.88,3.12,1.75,3.38,2.75
49-2098,Security and Fire Alarm Systems Installers,-0.6926484,-0.6926483937344569,,3.0,2.88,3.25,3.38,2.38,2.12,3.0,3.12,1.75,3.38,2.88
49-3011,Aircraft Mechanics and Service Technicians,-0.6551197,-0.6551196937029231,,3.0,3.12,3.5,4.0,2.75,2.88,3.62,4.12,2.38,3.25,3.0
49-3021,Automotive Body and Related Repairers,-1.180589,-1.180588994144452,,2.0,2.88,3.0,3.0,2.25,2.12,3.0,2.88,1.25,3.0,2.38
49-3022,Automotive Glass Installers and Repairers,-1.202285,-1.202284994162682,,2.0,2.62,2.88,2.88,2.38,2.0,2.88,2.5,1.5,3.0,2.38
49-3023,Automotive Service Technicians and Mechanics,-0.9547055,-0.9547054939546519,,3.0,3.0,3.25,3.5,2.62,2.25,3.12,2.88,1.5,3.0,2.62
49-3031,Bus and Truck Mechanics and Diesel Engine Specialists,-1.010472,-1.01047199400151,,3.0,2.75,3.0,3.25,2.75,2.0,3.0,2.88,1.75,3.12,2.62
49-3041,Farm Equipment Mechanics,-1.20703,-1.2070299941666691,,3.0,3.0,3.12,3.5,2.75,2.62,3.12,3.0,2.0,3.12,2.88
49-3042,"Mobile Heavy Equipment Mechanics, Except Engines",-1.169815,-1.169814994135399,,3.0,3.0,3.0,3.25,2.62,2.88,3.0,3.12,1.88,3.0,3.0
49-3043,Rail Car Repairers,-1.448102,-1.4481019943692313,,2.0,2.75,3.0,3.25,2.62,2.12,2.88,2.88,1.75,3.0,2.88
49-3051,Motorboat Mechanics,-0.8863602,-0.8863601938972244,,3.0,2.38,3.12,3.38,2.0,2.25,2.88,2.75,2.0,3.0,2.5
49-3052,Motorcycle Mechanics,-0.763721,-0.763720993794176,,3.0,3.12,3.12,3.12,2.62,2.25,3.12,3.0,1.88,3.12,2.75
49-3053,Outdoor Power Equipment and Other Small Engine Mechanics,-0.8941408,-0.894140793903762,,2.0,2.75,3.12,3.25,2.5,2.0,2.88,2.88,1.75,2.88,2.62
49-3091,Bicycle Repairers,-0.9226068,-0.9226067939276807,,2.0,2.62,3.62,3.5,2.62,2.0,2.75,3.0,1.0,3.0,2.75
49-3092,Recreational Vehicle Service Technicians,-0.9244052,-0.924405193929192,,2.0,3.0,3.0,3.0,2.0,2.0,2.88,3.0,1.62,3.0,2.62
49-3093,Tire Repairers and Changers,-1.550724,-1.55072399445546,,2.0,2.12,2.88,2.62,2.0,2.0,2.5,2.5,1.0,2.75,2.0
49-9011,Mechanical Door Repairers,-1.383152,-1.3831519943146566,,2.0,3.0,3.12,3.25,2.25,2.5,3.0,3.0,1.0,3.0,2.62
49-9012,"Control and Valve Installers and Repairers, Except Mechanical Door",-0.7606913,-0.7606912937916303,,3.0,2.88,3.12,3.38,2.5,2.12,3.12,3.0,1.75,3.12,3.0
49-9021,"Heating, Air Conditioning, and Refrigeration Mechanics and Installers",-0.8491117,-0.8491116938659261,,3.0,3.0,3.0,3.62,2.38,2.62,3.0,3.25,1.88,3.0,2.88
49-9031,Home Appliance Repairers,-0.9703799,-0.9703798939678224,,2.0,2.88,3.38,3.75,2.12,2.12,2.88,3.12,1.75,3.5,2.75
49-9041,Industrial Machinery Mechanics,-1.133177,-1.1331769941046137,,3.0,3.12,3.12,3.62,2.62,2.38,3.12,2.88,1.75,3.0,2.75
49-9043,"Maintenance Workers, Machinery",-0.9735492,-0.9735491939704854,,3.0,2.75,3.0,3.0,2.12,2.0,2.75,3.0,1.75,2.88,2.38
49-9044,Millwrights,-1.266085,-1.2660849942162904,,2.0,2.75,3.12,3.62,2.88,2.62,3.12,3.0,1.75,3.0,2.75
49-9045,"Refractory Materials Repairers, Except Brickmasons",-1.237463,-1.2374629941922406,,2.0,2.38,3.0,2.88,2.25,2.0,2.75,2.88,1.0,2.75,2.5
49-9051,Electrical Power-Line Installers and Repairers,-1.081398,-1.081397994061106,,2.0,3.0,3.38,3.12,2.75,2.0,3.25,3.0,1.75,2.88,2.5
49-9052,Telecommunications Line Installers and Repairers,-1.083883,-1.083882994063194,,2.0,2.62,3.0,3.12,2.0,2.12,3.12,3.0,1.38,3.12,2.5
49-9061,Camera and Photographic Equipment Repairers,0.0546422,0.05464220689345867,,3.0,3.0,3.12,3.5,2.62,2.38,2.88,3.12,2.12,3.0,2.62
49-9062,Medical Equipment Repairers,-0.2768838,-0.2768837933851081,,3.0,3.0,3.0,3.12,2.62,2.88,2.88,3.12,2.12,2.88,2.75
49-9063,Musical Instrument Repairers and Tuners,-0.5306271,-0.5306270935983175,,3.0,2.75,3.0,3.62,2.38,2.0,2.88,3.0,1.62,3.0,2.75
49-9064,Watch Repairers,-0.2123996,-0.2123995933309248,,3.0,2.25,3.0,3.12,2.0,2.0,2.62,2.88,1.75,3.0,2.25
49-9069,"Precision Instrument and Equipment Repairers, All Other",,,,,,,,,,,,,,
49-9071,"Maintenance and Repair Workers, General",-1.014408,-1.0144079940048172,,3.0,3.12,3.0,3.25,2.25,2.38,3.12,3.0,1.88,3.0,2.88
49-9081,Wind Turbine Service Technicians,-0.9709935,-0.9709934939683379,,3.0,3.12,3.12,3.5,3.0,2.12,3.25,3.25,2.0,3.12,2.88
49-9091,"Coin, Vending, and Amusement Machine Servicers and Repairers",-0.7233995,-0.7233994937602956,,2.0,2.62,2.88,2.88,1.88,2.0,2.88,2.88,1.62,2.88,2.62
49-9092,Commercial Divers,-1.102728,-1.1027279940790287,,3.0,3.0,3.62,3.62,2.88,2.0,3.0,3.12,2.5,3.5,3.0
49-9093,"Fabric Menders, Except Garment",-1.372839,-1.372838994305991,,,,,,,,,,,,
49-9094,Locksmiths and Safe Repairers,-0.8657498,-0.8657497938799064,,2.0,2.62,3.12,3.38,2.38,2.62,2.62,3.0,1.0,3.12,2.75
49-9095,Manufactured Building and Mobile Home Installers,-1.414062,-1.414061994340629,,2.0,3.38,3.38,3.75,3.38,2.62,3.5,3.12,1.62,3.38,2.62
49-9096,Riggers,-1.221519,-1.2215189941788436,,2.0,2.62,3.12,3.12,1.62,1.62,3.12,3.12,1.38,3.0,2.38
49-9097,Signal and Track Switch Repairers,-0.858221,-0.8582209938735802,,3.0,2.88,3.0,3.75,2.62,2.5,2.88,2.88,1.75,2.88,2.88
49-9098,"Helpers--Installation, Maintenance, and Repair Workers",-1.346555,-1.3465549942839057,,2.0,2.62,3.12,3.12,2.5,2.0,3.12,2.62,1.12,3.0,2.12
49-9099,"Installation, Maintenance, and Repair Workers, All Other",-0.5900791,-0.5900790936482723,,2.0,3.12,3.0,3.25,2.12,2.75,3.75,3.25,2.12,3.0,3.0
51-1011,First-Line Supervisors/Managers of Production and Operating Workers,-0.0845282,-0.08452819322348011,,3.0,3.12,3.88,3.75,3.12,2.38,3.75,3.5,1.5,3.88,3.12
51-2011,"Aircraft Structure, Surfaces, Rigging, and Systems Assemblers",-0.8684706,-0.8684705938821925,,2.0,2.88,3.12,3.12,2.62,2.5,3.12,3.0,1.75,3.0,2.75
51-2021,"Coil Winders, Tapers, and Finishers",-0.8289722,-0.8289721938490038,,2.0,2.25,3.0,2.88,2.0,1.75,3.12,2.88,1.0,2.88,2.12
51-2022,Electrical and Electronic Equipment Assemblers,-0.6248807,-0.6248806936775145,,2.0,2.62,2.88,3.0,2.0,2.0,2.88,3.12,1.62,2.62,2.38
51-2023,Electromechanical Equipment Assemblers,-0.4977276,-0.4977275935706734,,2.0,2.38,2.88,3.0,1.88,2.0,2.88,3.0,2.0,3.0,2.5
51-2031,Engine and Other Machine Assemblers,-0.9561453,-0.9561452939558617,,2.0,2.38,3.0,3.0,2.0,2.0,3.0,3.12,1.88,3.0,2.25
51-2041,Structural Metal Fabricators and Fitters,-1.076307,-1.0763069940568282,,2.0,2.25,3.0,3.0,1.75,2.12,2.88,3.0,1.75,3.0,2.25
51-2051,Fiberglass Laminators and Fabricators,,,,2.0,2.88,3.0,2.88,2.62,2.38,3.12,3.0,1.75,3.0,2.88
51-2061,Timing Device Assemblers and Adjusters,,,,2.0,2.12,2.88,2.88,2.12,2.0,2.88,2.75,2.0,2.75,2.5
51-2091,Fiberglass Laminators and Fabricators,-1.216496,-1.216495994174623,,,,,,,,,,,,
51-2092,Team Assemblers,-0.8305441,-0.8305440938503246,,2.0,2.25,3.12,3.0,2.38,2.0,3.12,3.0,1.0,3.0,2.75
51-2093,"Timing Device Assemblers, Adjusters, and Calibrators",-0.2552991,-0.25529909336697143,,,,,,,,,,,,
51-2099,"Assemblers and Fabricators, All Other",,,,,,,,,,,,,,
51-3011,Bakers,-0.3852989,-0.38529889347620455,,2.0,2.62,3.0,2.88,2.0,2.12,2.88,2.88,1.62,2.88,2.0
51-3021,Butchers and Meat Cutters,-0.9709924,-0.970992393968337,,2.0,2.5,3.12,3.0,2.25,2.38,3.0,3.0,1.25,3.0,2.25
51-3022,"Meat, Poultry, and Fish Cutters and Trimmers",-1.10563,-1.1056299940814671,,2.0,2.38,3.12,3.0,2.25,2.25,3.0,2.38,1.0,3.0,2.12
51-3023,Slaughterers and Meat Packers,-1.834668,-1.8346679946940456,,2.0,2.0,2.62,2.38,2.0,1.75,2.25,1.88,1.0,2.75,1.75
51-3091,"Food and Tobacco Roasting, Baking, and Drying Machine Operators and Tenders",-0.758859,-0.7588589937900907,,2.0,2.5,3.12,3.12,2.5,1.5,3.5,3.12,1.75,3.0,2.88
51-3092,Food Batchmakers,-0.3791114,-0.3791113934710054,,2.0,2.75,3.0,3.12,2.12,2.75,2.88,3.12,2.0,3.0,2.88
51-3093,Food Cooking Machine Operators and Tenders,-0.5559894,-0.5559893936196283,,2.0,2.62,3.0,3.0,2.12,2.0,3.12,3.12,1.88,2.62,2.75
51-3099,"Food Processing Workers, All Other",,,,,,,,,,,,,,
51-4011,"Computer-Controlled Machine Tool Operators, Metal and Plastic",-0.6737444,-0.6737443937185726,,,,,,,,,,,,
51-4012,Numerical Tool and Process Control Programmers,-0.0241824,-0.024182393172774184,,,,,,,,,,,,
51-4021,"Extruding and Drawing Machine Setters, Operators, and Tenders, Metal and Plastic",-1.234352,-1.2343519941896264,,2.0,2.62,2.88,3.0,2.12,2.25,3.25,2.75,1.38,3.0,2.25
51-4022,"Forging Machine Setters, Operators, and Tenders, Metal and Plastic",-0.8046677,-0.8046676938285817,,2.0,2.0,2.88,2.88,1.88,2.12,3.12,2.88,1.25,2.88,2.38
51-4023,"Rolling Machine Setters, Operators, and Tenders, Metal and Plastic",-1.08921,-1.08920999406767,,2.0,3.0,3.12,3.12,2.88,2.38,3.5,3.0,1.38,3.25,2.62
51-4031,"Cutting, Punching, and Press Machine Setters, Operators, and Tenders, Metal and Plastic",-1.036569,-1.0365689940234384,,2.0,2.75,3.0,3.0,2.0,2.0,3.0,2.75,1.5,3.0,2.5
51-4032,"Drilling and Boring Machine Tool Setters, Operators, and Tenders, Metal and Plastic",-0.7598132,-0.7598131937908924,,2.0,2.75,3.0,3.0,2.12,2.5,3.12,3.12,1.75,3.0,2.25
51-4033,"Grinding, Lapping, Polishing, and Buffing Machine Tool Setters, Operators, and Tenders, Metal and Plastic",-0.9901662,-0.9901661939844479,,2.0,2.5,2.75,2.88,2.0,2.38,2.88,3.0,1.5,2.75,2.25
51-4034,"Lathe and Turning Machine Tool Setters, Operators, and Tenders, Metal and Plastic",-1.06734,-1.0673399940492936,,2.0,2.0,3.0,2.62,2.0,2.12,3.0,3.0,1.75,2.75,2.25
51-4035,"Milling and Planing Machine Setters, Operators, and Tenders, Metal and Plastic",-0.8703219,-0.870321893883748,,2.0,2.62,3.0,3.12,2.12,2.62,3.12,2.88,1.38,2.88,2.62
51-4041,Machinists,-0.8675535,-0.8675534938814219,,3.0,2.75,3.0,3.12,2.12,2.88,3.12,2.88,1.5,3.0,2.5
51-4051,Metal-Refining Furnace Operators and Tenders,-1.167465,-1.1674649941334243,,2.0,2.88,3.0,3.0,2.25,2.5,3.62,3.0,2.0,3.0,2.75
51-4052,"Pourers and Casters, Metal",-1.00914,-1.0091399940003907,,2.0,2.25,3.0,3.0,2.25,2.0,3.0,2.75,1.88,2.75,2.0
51-4061,"Model Makers, Metal and Plastic",-0.7421977,-0.7421976937760909,,3.0,2.5,2.75,3.25,2.0,2.62,3.12,2.88,1.62,2.62,2.38
51-4062,"Patternmakers, Metal and Plastic",-0.6131331,-0.6131330936676436,,3.0,2.62,3.0,3.12,2.0,2.25,3.0,3.12,1.62,3.0,2.12
51-4071,Foundry Mold and Coremakers,-1.740349,-1.7403489946147936,,2.0,2.38,2.88,2.88,2.0,2.0,3.0,2.25,1.25,2.62,2.0
51-4072,"Molding, Coremaking, and Casting Machine Setters, Operators, and Tenders, Metal and Plastic",-1.146139,-1.1461389941155051,,2.0,2.88,3.25,3.0,2.25,2.25,3.12,3.12,1.12,3.0,2.62
51-4081,"Multiple Machine Tool Setters, Operators, and Tenders, Metal and Plastic",-0.74266,-0.7426599937764794,,2.0,2.88,3.0,3.0,2.38,2.25,3.12,3.0,1.25,3.0,2.75
51-4111,Tool and Die Makers,-0.5317897,-0.5317896935992944,,3.0,3.0,3.0,3.12,2.12,2.75,3.12,2.88,1.75,2.88,2.25
51-4121,"Welders, Cutters, Solderers, and Brazers",-1.197596,-1.1975959941587422,,2.0,2.25,2.62,2.88,2.0,2.12,3.0,2.5,1.62,2.62,1.75
51-4122,"Welding, Soldering, and Brazing Machine Setters, Operators, and Tenders",-1.002411,-1.0024109939947368,,2.0,2.62,3.0,3.0,2.0,2.12,3.0,3.0,1.75,3.0,2.25
51-4191,"Heat Treating Equipment Setters, Operators, and Tenders, Metal and Plastic",-1.092486,-1.0924859940704228,,2.0,2.75,3.12,3.0,2.62,2.88,3.12,2.88,2.0,3.12,2.88
51-4192,"Lay-Out Workers, Metal and Plastic",-0.7221353,-0.7221352937592335,,2.0,2.75,2.88,3.0,2.12,3.12,3.0,3.0,1.25,2.88,2.5
51-4193,"Plating and Coating Machine Setters, Operators, and Tenders, Metal and Plastic",-0.8999876,-0.8999875939086749,,2.0,2.12,3.12,3.0,2.25,2.0,3.12,3.12,2.0,3.0,2.75
51-4194,"Tool Grinders, Filers, and Sharpeners",-0.8809238,-0.8809237938926564,,2.0,2.5,2.88,3.0,2.12,2.75,3.12,2.75,1.38,2.88,2.38
51-4199,"Metal Workers and Plastic Workers, All Other",,,,,,,,,,,,,,
51-5111,Prepress Technicians and Workers,0.4107973,0.4107973071927201,,3.0,2.88,3.12,3.12,2.38,2.0,3.12,3.0,1.62,3.12,2.88
51-5112,Printing Press Operators,-0.7093881,-0.7093880937485224,,2.0,2.88,3.12,3.12,2.12,2.12,3.25,3.12,1.0,3.12,2.38
51-5113,Print Binding and Finishing Workers,-0.9062089,-0.9062088939139024,,2.0,2.5,2.88,3.25,2.5,2.12,3.12,3.12,1.12,3.0,2.75
51-6011,Laundry and Dry-Cleaning Workers,-1.054399,-1.05439899403842,,2.0,2.25,2.88,2.75,1.88,1.62,2.88,2.5,1.0,2.62,2.0
51-6021,"Pressers, Textile, Garment, and Related Materials",-1.950063,-1.9500629947910073,,2.0,2.12,2.0,2.5,1.75,1.62,2.38,2.0,1.0,2.12,1.75
51-6031,Sewing Machine Operators,-0.9639661,-0.9639660939624333,,2.0,2.12,2.75,2.75,2.12,2.0,3.12,2.62,1.0,2.12,2.0
51-6041,Shoe and Leather Workers and Repairers,-0.990912,-0.9909119939850747,,2.0,2.38,3.0,3.0,1.62,1.88,3.0,2.88,1.0,3.0,2.12
51-6042,Shoe Machine Operators and Tenders,-1.029855,-1.0298549940177968,,2.0,2.12,3.0,3.0,2.12,2.0,3.0,3.12,1.12,2.75,2.12
51-6051,"Sewers, Hand",-0.5987218,-0.5987217936555344,,2.0,2.38,2.62,2.5,2.0,2.0,2.62,2.5,1.0,2.62,1.88
51-6052,"Tailors, Dressmakers, and Custom Sewers",-0.4305268,-0.43052679351420753,,2.0,2.62,3.0,3.0,2.0,1.88,2.75,2.62,1.0,3.0,2.5
51-6061,Textile Bleaching and Dyeing Machine Operators and Tenders,-0.8609312,-0.8609311938758575,,2.0,2.12,3.0,2.88,2.0,2.5,3.0,2.88,1.62,2.88,2.5
51-6062,"Textile Cutting Machine Setters, Operators, and Tenders",-1.022949,-1.022948994011994,,2.0,2.5,3.0,2.88,2.0,2.12,3.12,2.75,1.0,3.0,2.62
51-6063,"Textile Knitting and Weaving Machine Setters, Operators, and Tenders",-1.241662,-1.241661994195769,,2.0,2.0,3.0,2.88,2.12,1.88,3.12,2.75,1.12,2.88,2.38
51-6064,"Textile Winding, Twisting, and Drawing Out Machine Setters, Operators, and Tenders",-1.392929,-1.392928994322872,,2.0,2.38,3.0,3.0,2.38,2.0,3.0,2.5,1.0,3.12,2.38
51-6091,"Extruding and Forming Machine Setters, Operators, and Tenders, Synthetic and Glass Fibers",-0.8596925,-0.8596924938748166,,2.0,2.75,3.0,2.88,2.25,2.0,3.5,2.88,1.25,3.0,2.62
51-6092,Fabric and Apparel Patternmakers,-0.0831096,-0.08310959322228814,,3.0,3.12,3.38,3.75,3.0,3.12,3.12,3.12,1.12,3.12,3.0
51-6093,Upholsterers,-1.313735,-1.3137349942563288,,2.0,3.0,3.0,3.5,2.75,2.5,3.0,3.12,1.25,3.0,2.62
51-6099,"Textile, Apparel, and Furnishings Workers, All Other",,,,,,,,,,,,,,
51-7011,Cabinetmakers and Bench Carpenters,-1.327489,-1.3274889942678854,,2.0,2.62,2.75,2.75,2.0,2.75,3.0,2.88,1.0,2.88,2.38
51-7021,Furniture Finishers,-1.197727,-1.1977269941588522,,2.0,2.75,3.12,3.12,2.5,2.0,3.12,2.75,1.12,3.0,2.38
51-7031,"Model Makers, Wood",-0.7278869,-0.7278868937640662,,3.0,2.75,2.88,3.0,2.25,2.38,3.12,3.0,1.62,3.0,2.62
51-7032,"Patternmakers, Wood",-1.057897,-1.0578969940413592,,3.0,2.75,3.0,3.0,2.12,3.0,3.12,3.12,1.75,2.88,2.62
51-7041,"Sawing Machine Setters, Operators, and Tenders, Wood",-1.165031,-1.165030994131379,,2.0,2.12,2.75,3.0,2.0,2.0,3.0,2.38,1.25,2.62,1.75
51-7042,"Woodworking Machine Setters, Operators, and Tenders, Except Sawing",-1.130357,-1.1303569941022442,,2.0,2.5,2.88,3.0,2.25,2.38,3.12,2.75,1.5,3.0,1.88
51-7099,"Woodworkers, All Other",,,,,,,,,,,,,,
51-8011,Nuclear Power Reactor Operators,0.7705302,0.7705302074949879,,3.0,3.12,3.88,3.88,3.0,2.75,3.88,4.0,2.75,3.25,3.5
51-8012,Power Distributors and Dispatchers,0.5012214,0.5012214072686996,,3.0,3.0,3.62,3.62,2.75,2.75,3.62,3.62,1.88,3.5,3.12
51-8013,Power Plant Operators,-0.3482779,-0.3482778934450974,,2.3333333333333335,2.9599999999999995,3.1233333333333335,3.5833333333333335,2.6666666666666665,2.5833333333333335,3.4166666666666665,3.1233333333333335,2.21,3.1666666666666665,3.0
51-8021,Stationary Engineers and Boiler Operators,-0.5032496,-0.5032495935753133,,3.0,3.12,3.25,3.25,2.12,2.12,3.12,3.12,2.25,3.0,2.88
51-8031,Water and Liquid Waste Treatment Plant and System Operators,-0.44501,-0.44500999352637716,,2.0,2.75,3.12,3.0,2.75,2.88,3.62,3.0,2.62,3.12,2.75
51-8091,Chemical Plant and System Operators,-0.3831282,-0.3831281934743806,,2.0,3.0,3.12,3.62,2.75,2.75,3.75,3.12,2.62,3.12,3.0
51-8092,Gas Plant Operators,-0.2982082,-0.298208193403026,,2.0,2.88,3.0,3.5,2.75,2.88,3.62,3.12,2.0,3.0,3.0
51-8093,"Petroleum Pump System Operators, Refinery Operators, and Gaugers",-0.370036,-0.3700359934633798,,2.0,3.0,3.0,3.0,2.88,2.62,3.62,3.5,2.0,3.12,3.0
51-8099,"Plant and System Operators, All Other",-0.6702387,-0.6702386937156269,,2.0,2.88,3.25,3.12,2.5,2.88,3.38,3.5,2.88,3.25,3.12
51-9011,Chemical Equipment Operators and Tenders,-0.511521,-0.5115209935822634,,2.0,2.88,3.0,3.0,2.62,2.62,3.62,3.12,2.5,2.88,3.0
51-9012,"Separating, Filtering, Clarifying, Precipitating, and Still Machine Setters, Operators, and Tenders",-0.9379141,-0.9379140939405428,,2.0,2.88,3.0,3.12,2.75,2.62,3.12,3.0,2.5,2.88,2.88
51-9021,"Crushing, Grinding, and Polishing Machine Setters, Operators, and Tenders",-1.043476,-1.043475994029242,,2.0,2.75,3.0,2.88,2.5,2.38,3.12,3.0,1.88,3.0,2.88
51-9022,"Grinding and Polishing Workers, Hand",-1.146524,-1.1465239941158287,,2.0,2.38,2.88,2.88,2.12,2.12,2.75,2.75,1.12,2.88,2.38
51-9023,"Mixing and Blending Machine Setters, Operators, and Tenders",-0.819664,-0.8196639938411824,,2.0,2.75,2.88,3.12,2.62,2.38,3.12,3.12,1.88,3.0,2.75
51-9031,"Cutters and Trimmers, Hand",-0.9479839,-0.9479838939490041,,2.0,2.12,2.88,2.62,2.0,2.0,2.75,2.75,1.0,2.88,2.12
51-9032,"Cutting and Slicing Machine Setters, Operators, and Tenders",-1.079282,-1.0792819940593281,,2.0,2.5,2.88,2.88,2.0,2.38,3.12,3.12,1.5,2.75,2.25
51-9041,"Extruding, Forming, Pressing, and Compacting Machine Setters, Operators, and Tenders",-1.042151,-1.0421509940281286,,2.0,2.62,3.0,3.0,2.12,2.12,3.38,3.0,1.75,3.12,2.75
51-9051,"Furnace, Kiln, Oven, Drier, and Kettle Operators and Tenders",-0.9582346,-0.9582345939576173,,2.0,2.38,3.12,3.12,2.12,2.25,3.12,3.12,1.88,3.12,2.62
51-9061,"Inspectors, Testers, Sorters, Samplers, and Weighers",-0.0293395,-0.02933949317710747,,2.0,2.38,3.12,3.25,2.0,2.62,3.0,3.12,1.62,3.12,3.25
51-9071,Jewelers and Precious Stone and Metal Workers,-0.1560197,-0.15601969328355128,,3.0,2.565,3.06,3.06,2.185,2.375,2.935,2.875,1.375,3.0,2.69
51-9081,Dental Laboratory Technicians,0.0013206,0.001320606848654865,,2.0,3.0,3.0,3.25,2.88,2.0,3.0,3.38,2.12,3.0,2.88
51-9082,Medical Appliance Technicians,-0.4949538,-0.49495379356834274,,2.0,3.12,3.62,3.75,2.75,2.62,3.25,3.62,1.75,3.62,2.88
51-9083,Ophthalmic Laboratory Technicians,-0.5966759,-0.5966758936538153,,2.0,2.75,2.88,3.0,2.5,2.12,3.0,3.0,1.75,2.88,2.75
51-9111,Packaging and Filling Machine Operators and Tenders,-0.978608,-0.9786079939747362,,2.0,2.38,3.0,2.88,2.12,2.12,3.12,2.88,1.0,2.75,2.62
51-9121,"Coating, Painting, and Spraying Machine Setters, Operators, and Tenders",-1.121331,-1.12133099409466,,,,,,,,,,,,
51-9122,"Painters, Transportation Equipment",-1.447553,-1.4475529943687702,,,,,,,,,,,,
51-9123,"Painting, Coating, and Decorating Workers",-0.9705587,-0.9705586939679727,,2.0,2.12,2.88,2.75,2.0,1.88,2.88,2.75,1.0,2.75,2.25
51-9124,"Coating, Painting, and Spraying Machine Setters, Operators, and Tenders",,,,2.0,2.5,2.62,2.75,2.62,2.0,3.12,2.62,1.12,2.62,2.25
51-9141,Semiconductor Processors,-0.6372312,-0.6372311936878922,,2.0,2.5,3.25,3.38,2.25,1.88,3.25,3.38,1.88,2.88,2.75
51-9151,Photographic Process Workers and Processing Machine Operators,-0.3615806,-0.3615805934562751,,2.0,2.88,3.38,3.12,2.5,2.0,3.12,3.25,1.62,3.25,2.75
51-9161,Computer Numerically Controlled Tool Operators,,,,2.0,2.88,3.12,3.62,2.62,2.75,3.62,2.88,1.62,3.0,2.62
51-9162,Computer Numerically Controlled Tool Programmers,,,,2.0,2.88,3.0,3.0,2.62,3.12,3.5,3.0,1.88,3.0,2.88
51-9191,Cementing and Gluing Machine Operators and Tenders,-1.311418,-1.3114179942543818,,2.0,2.62,3.12,2.88,2.25,2.5,3.12,3.0,1.5,3.12,2.75
51-9192,"Cleaning, Washing, and Metal Pickling Equipment Operators and Tenders",-1.141885,-1.1418849941119307,,2.0,2.12,2.88,2.88,2.25,2.0,2.88,2.75,1.5,2.88,2.25
51-9193,Cooling and Freezing Equipment Operators and Tenders,-0.9604952,-0.9604951939595168,,2.0,3.0,3.0,3.62,2.5,2.38,3.5,3.0,1.75,3.12,2.88
51-9194,Etchers and Engravers,-0.6395226,-0.6395225936898176,,2.0,2.38,3.0,3.0,2.25,2.0,3.12,3.12,1.12,3.0,2.25
51-9195,"Molders, Shapers, and Casters, Except Metal and Plastic",-1.183408,-1.1834079941468205,,2.25,2.3125,2.9699999999999998,2.9050000000000002,2.1550000000000002,2.2175000000000002,2.9375,2.8475,1.4075,2.8775,2.5324999999999998
51-9196,"Paper Goods Machine Setters, Operators, and Tenders",-0.8740445,-0.874044493886876,,2.0,2.88,3.0,3.0,2.0,2.12,3.0,2.75,1.0,3.0,2.25
51-9197,Tire Builders,-1.610915,-1.610914994506036,,2.0,2.0,3.0,3.0,2.0,1.88,3.0,2.25,1.0,2.62,2.0
51-9198,Helpers--Production Workers,-1.411304,-1.4113039943383114,,2.0,2.12,2.75,2.62,2.0,2.0,2.75,2.62,1.0,2.62,2.0
51-9199,"Production Workers, All Other",-1.290964,-1.290963994237195,,,,,,,,,,,,
53-1011,Aircraft Cargo Handling Supervisors,-0.7091902,-0.7091901937483561,,,,,,,,,,,,
53-1021,"First-Line Supervisors/Managers of Helpers, Laborers, and Material Movers, Hand",0.1160332,0.11603320694504282,,,,,,,,,,,,
53-1031,First-Line Supervisors/Managers of Transportation and Material-Moving Machine and Vehicle Operators,0.1466245,0.14662450697074736,,,,,,,,,,,,
53-1041,Aircraft Cargo Handling Supervisors,,,,2.0,3.0,3.62,3.75,3.5,3.0,3.62,3.25,1.5,3.62,3.12
53-1042,"First-Line Supervisors of Helpers, Laborers, and Material Movers, Hand",,,,2.0,2.935,3.56,3.5,3.0,2.375,3.44,3.31,1.315,3.75,3.12
53-1043,First-Line Supervisors of Material-Moving Machine and Vehicle Operators,,,,3.0,3.12,4.0,3.62,3.12,2.75,3.5,3.62,1.25,3.88,3.38
53-1044,First-Line Supervisors of Passenger Attendants,,,,3.0,3.5,3.88,3.62,3.25,2.5,3.5,3.62,1.12,3.88,3.38
53-1049,"First-Line Supervisors of Transportation Workers, All Other",,,,,,,,,,,,,,
53-2011,"Airline Pilots, Copilots, and Flight Engineers",-0.2070626,-0.2070625933264404,,4.0,3.75,4.12,4.12,3.0,3.12,4.12,3.88,2.75,3.75,3.12
53-2012,Commercial Pilots,-0.1817332,-0.18173319330515722,,3.0,3.62,3.88,4.0,3.12,2.75,4.12,3.75,2.62,3.75,3.0
53-2021,Air Traffic Controllers,1.152798,1.1527980078161908,,3.0,3.75,4.38,4.12,3.12,2.88,4.0,3.75,1.75,4.25,3.12
53-2022,Airfield Operations Specialists,0.4845738,0.4845738072547113,,3.0,3.25,4.0,3.75,3.0,2.12,4.0,3.75,1.62,3.75,3.38
53-2031,Flight Attendants,-0.7621183,-0.7621182937928294,,2.0,3.12,3.88,3.12,2.75,2.0,3.88,3.12,1.38,4.12,3.0
53-3011,"Ambulance Drivers and Attendants, Except Emergency Medical Technicians",-0.8298703,-0.8298702938497583,,2.0,3.12,3.5,3.5,2.5,2.0,3.0,3.25,1.62,3.38,2.75
53-3021,"Bus Drivers, Transit and Intercity",-0.605453,-0.6054529936611904,,,,,,,,,,,,
53-3022,"Bus Drivers, School",-0.2977046,-0.2977045934026029,,,,,,,,,,,,
53-3031,Driver/Sales Workers,-0.7293087,-0.7293086937652609,,2.0,2.75,3.75,3.12,2.0,2.62,2.88,3.0,1.0,3.62,2.75
53-3032,"Truck Drivers, Heavy and Tractor-Trailer",-1.149057,-1.149056994117957,,2.0,2.5,2.88,3.0,2.0,2.0,3.12,3.0,1.0,3.0,2.75
53-3033,"Truck Drivers, Light or Delivery Services",-1.120501,-1.1205009940939625,,2.0,2.12,3.12,3.0,2.0,2.25,3.12,3.12,1.12,3.12,2.75
53-3041,Taxi Drivers and Chauffeurs,-0.6322603,-0.6322602936837154,,,,,,,,,,,,
53-3051,"Bus Drivers, School",,,,2.0,2.5,3.38,3.38,2.38,1.75,3.38,3.0,1.0,3.12,2.62
53-3052,"Bus Drivers, Transit and Intercity",,,,2.0,2.62,3.12,3.12,2.12,2.0,3.0,2.75,1.0,3.0,2.5
53-3053,Shuttle Drivers and Chauffeurs,,,,2.0,2.62,3.38,3.25,2.25,1.88,3.25,2.88,1.0,3.12,2.5
53-3054,Taxi Drivers,,,,2.0,,,,,,,,,,
53-3099,"Motor Vehicle Operators, All Other",,,,,,,,,,,,,,
53-4011,Locomotive Engineers,-0.4977403,-0.4977402935706841,,2.0,3.0,3.5,3.62,2.62,2.5,3.88,3.12,1.12,3.38,2.88
53-4012,Locomotive Firers,-0.771071,-0.7710709938003518,,,,,,,,,,,,
53-4013,"Rail Yard Engineers, Dinkey Operators, and Hostlers",-0.8320907,-0.832090693851624,,2.0,3.0,3.38,3.25,2.75,2.38,3.62,3.12,1.5,3.5,2.88
53-4021,"Railroad Brake, Signal, and Switch Operators",-1.217647,-1.21764699417559,,,,,,,,,,,,
53-4022,"Railroad Brake, Signal, and Switch Operators and Locomotive Firers",,,,2.0,2.38,3.0,3.0,2.25,1.75,3.38,2.88,1.0,3.0,2.38
53-4031,Railroad Conductors and Yardmasters,-0.4662731,-0.4662730935442436,,2.0,3.0,3.5,3.62,2.75,2.25,3.75,3.12,1.5,3.75,3.0
53-4041,Subway and Streetcar Operators,-0.6155429,-0.6155428936696685,,2.0,3.0,3.62,3.0,2.62,2.38,3.25,3.12,1.0,3.38,2.75
53-4099,"Rail Transportation Workers, All Other",,,,,,,,,,,,,,
53-5011,Sailors and Marine Oilers,-1.150001,-1.1500009941187501,,2.0,3.0,3.0,3.0,2.38,2.25,3.5,3.0,1.62,3.0,2.5
53-5021,"Captains, Mates, and Pilots of Water Vessels",-0.4281868,-0.4281867935122413,,3.0,3.12,3.38,3.38,2.88,2.38,3.5,3.25,1.88,3.5,3.12
53-5022,Motorboat Operators,-0.8871186,-0.8871185938978616,,2.0,2.75,3.12,3.12,2.38,2.25,3.38,2.88,1.5,3.38,2.5
53-5031,Ship Engineers,-0.5264951,-0.5264950935948455,,3.0,3.25,3.62,3.88,2.75,2.38,3.62,3.12,1.88,3.5,3.0
53-6011,Bridge and Lock Tenders,-0.6322159,-0.6322158936836781,,2.0,2.38,3.0,3.0,2.5,2.0,3.25,2.88,1.12,3.0,2.88
53-6021,Parking Lot Attendants,-0.8353891,-0.8353890938543955,,2.0,2.25,3.25,2.88,2.12,2.75,2.75,2.5,1.0,3.5,2.75
53-6031,Service Station Attendants,-1.221489,-1.2214889941788185,,2.0,2.5,3.12,3.0,2.25,2.38,2.75,2.75,1.38,3.12,2.62
53-6032,Aircraft Service Attendants,,,,2.0,2.75,3.25,3.0,2.5,2.0,3.25,3.0,1.38,3.0,2.75
53-6041,Traffic Technicians,0.3995872,0.39958720718330076,,3.0,3.0,3.62,3.25,2.62,2.88,3.12,3.25,2.75,3.25,3.12
53-6051,Transportation Inspectors,-0.18376,-0.18375999330686024,,3.0,2.8733333333333335,3.5,3.5400000000000005,2.5,2.29,3.2133333333333334,3.5,2.2133333333333334,3.5,3.2866666666666666
53-6061,"Transportation Attendants, Except Flight Attendants",-0.3752249,-0.3752248934677398,,2.0,2.88,3.75,3.0,2.12,2.0,3.25,2.88,1.0,3.75,2.62
53-6099,"Transportation Workers, All Other",,,,,,,,,,,,,,
53-7011,Conveyor Operators and Tenders,-0.7554432,-0.7554431937872206,,2.0,2.75,3.12,3.0,2.12,2.0,3.38,2.88,1.75,3.0,2.75
53-7021,Crane and Tower Operators,-1.030619,-1.0306189940184387,,3.0,2.88,3.12,3.25,2.25,2.62,3.12,3.0,1.12,3.0,2.62
53-7031,Dredge Operators,-1.016648,-1.0166479940066995,,2.0,2.5,2.88,3.0,2.38,2.0,2.88,2.5,1.25,2.88,2.12
53-7032,Excavating and Loading Machine and Dragline Operators,-1.144356,-1.144355994114007,,,,,,,,,,,,
53-7033,"Loading Machine Operators, Underground Mining",-1.262688,-1.2626879942134361,,,,,,,,,,,,
53-7041,Hoist and Winch Operators,-0.9781997,-0.9781996939743931,,2.0,2.88,3.38,3.75,2.5,2.62,3.62,2.75,1.25,3.12,2.25
53-7051,Industrial Truck and Tractor Operators,-1.39869,-1.3986899943277127,,2.0,2.12,2.88,2.75,2.12,2.12,2.75,2.88,1.25,2.75,2.5
53-7061,Cleaners of Vehicles and Equipment,-1.629897,-1.6298969945219857,,2.0,2.0,2.5,2.25,1.88,1.62,2.75,2.25,1.25,2.62,1.88
53-7062,"Laborers and Freight, Stock, and Material Movers, Hand",-1.709183,-1.7091829945886061,,2.0,2.25,3.0,2.625,2.06,1.94,2.935,2.685,1.06,2.75,2.315
53-7063,Machine Feeders and Offbearers,-1.037413,-1.0374129940241472,,2.0,2.0,2.75,2.5,2.0,2.12,3.0,2.75,1.25,2.75,2.38
53-7064,"Packers and Packagers, Hand",-1.51362,-1.5136199944242832,,2.0,2.12,2.75,2.75,2.0,2.0,3.0,2.62,1.0,2.62,2.0
53-7065,Stockers and Order Fillers,,,,2.0,2.12,3.12,2.75,2.0,2.0,2.62,3.0,1.0,2.75,2.62
53-7071,Gas Compressor and Gas Pumping Station Operators,-0.6909992,-0.6909991937330712,,2.0,2.88,3.12,3.62,2.25,2.25,3.12,3.12,1.88,3.0,3.0
53-7072,"Pump Operators, Except Wellhead Pumpers",-0.8422927,-0.8422926938601963,,2.0,2.88,3.12,3.12,2.12,2.38,3.5,3.12,2.0,3.12,2.88
53-7073,Wellhead Pumpers,-1.091197,-1.0911969940693398,,2.0,2.38,2.88,3.12,1.88,2.25,3.12,2.75,1.12,3.0,2.62
53-7081,Refuse and Recyclable Material Collectors,-1.283373,-1.283372994230817,,2.0,2.25,2.88,2.75,1.38,1.0,2.5,2.62,1.0,2.88,2.5
53-7111,Shuttle Car Operators,-1.351998,-1.3519979942884794,,,,,,,,,,,,
53-7121,"Tank Car, Truck, and Ship Loaders",-1.38776,-1.3877599943185286,,2.0,2.75,3.0,3.0,2.5,2.5,3.0,3.25,1.5,3.0,3.0
53-7199,"Material Moving Workers, All Other",,,,,,,,,,,,,,
55-1011,Air Crew Officers,,,,,,,,,,,,,,
55-1012,Aircraft Launch and Recovery Officers,,,,,,,,,,,,,,
55-1013,Armored Assault Vehicle Officers,,,,,,,,,,,,,,
55-1014,Artillery and Missile Officers,,,,,,,,,,,,,,
55-1015,Command and Control Center Officers,,,,,,,,,,,,,,
55-1016,Infantry Officers,,,,,,,,,,,,,,
55-1017,Special Forces Officers,,,,,,,,,,,,,,
55-1019,"Military Officer Special and Tactical Operations Leaders, All Other",,,,,,,,,,,,,,
55-2011,First-Line Supervisors of Air Crew Members,,,,,,,,,,,,,,
55-2012,First-Line Supervisors of Weapons Specialists/Crew Members,,,,,,,,,,,,,,
55-2013,First-Line Supervisors of All Other Tactical Operations Specialists,,,,,,,,,,,,,,
55-3011,Air Crew Members,,,,,,,,,,,,,,
55-3012,Aircraft Launch and Recovery Specialists,,,,,,,,,,,,,,
55-3013,Armored Assault Vehicle Crew Members,,,,,,,,,,,,,,
55-3014,Artillery and Missile Crew Members,,,,,,,,,,,,,,
55-3015,Command and Control Center Specialists,,,,,,,,,,,,,,
55-3016,Infantry,,,,,,,,,,,,,,
55-3018,Special Forces,,,,,,,,,,,,,,
55-3019,"Military Enlisted Tactical Operations and Air/Weapons Specialists and Crew Members, All Other",,,,,,,,,,,,,,
